;Total (grid load) [MWh] Calculated resolutions;Residual load [MWh] Calculated resolutions;Hydro pumped storage [MWh] Calculated resolutions;Air_Temperature;Relative_Humidity;Visibility;Air_Pressure_at_Station_Height;Cloud_Cover;Daily_Precipitation_Height;Snow_Height_Daily_Value;Global_Radiation;Vapor_Pressure;Dew_Point_Temperature;Wind_Direction;Wind_Strength
2023-08-05;118415.0;86238.25;4442.75;18.67;65.0;8.67;986.3;3.0;3.1;0;278.57;13.5;14.3;25.33;2.0
2023-08-06;112676.0;72599.5;6806.75;14.33;81.0;8.33;985.8;7.67;10.1;0;71.56;13.2;12.43;22.67;3.0
2023-08-07;144618.75;96165.5;8196.0;16.2;67.33;9.0;992.17;7.67;0.6;0;159.84;12.23;12.63;21.33;2.33
2023-08-08;145907.25;97811.5;6742.75;18.27;59.33;9.0;990.3;7.67;0.2;0;193.56;12.0;13.23;26.67;1.67
2023-08-09;149681.0;122379.75;5780.5;20.67;58.67;8.67;990.43;5.33;0.1;0;87.33;14.37;15.6;24.0;2.33
2023-08-10;145477.25;103665.25;6544.0;21.7;62.0;8.67;992.3;1.67;0.0;0;294.94;15.73;16.67;29.33;2.0
2023-08-11;143421.0;100394.25;3703.0;25.17;55.0;8.67;993.17;1.0;0.1;0;299.47;16.67;18.3;28.0;1.0
2023-08-12;118426.75;87659.75;4082.0;22.4;79.67;8.67;990.87;8.0;1.7;0;144.91;21.57;19.83;25.33;1.67
2023-08-13;109293.25;80116.25;8191.25;23.9;74.67;8.67;989.83;8.0;11.1;0;239.08;21.77;20.43;22.67;1.33
2023-08-14;145267.5;111011.0;3493.75;25.77;69.33;8.33;987.33;6.0;0.5;0;210.63;22.57;21.33;28.0;2.33
2023-08-15;150231.25;117667.25;4277.75;25.57;59.67;8.67;989.47;6.33;0.0;0;230.87;18.67;19.5;22.67;2.0
2023-08-16;149012.5;111322.5;2997.25;25.1;69.0;8.33;989.57;5.0;0.0;0;266.08;21.63;20.7;30.67;1.67
2023-08-17;149906.0;118300.0;2158.75;25.4;66.0;7.67;988.7;6.33;0.0;0;215.32;20.53;20.33;26.67;1.33
2023-08-18;144430.75;99551.5;4765.0;26.33;56.0;8.67;987.17;4.33;0.0;0;272.47;18.43;19.57;22.67;1.0
2023-08-19;120305.5;82180.0;4212.5;27.2;53.0;9.0;989.4;5.67;0.0;0;228.2;17.87;19.57;20.0;2.0
2023-08-20;111159.75;72651.5;6085.75;26.9;66.33;8.0;992.7;1.67;0.0;0;264.8;23.17;21.9;24.0;1.67
2023-08-21;153685.5;116147.0;2337.5;27.87;62.0;8.0;993.33;0.0;0.0;0;0.0;22.2;21.83;30.67;1.67
2023-08-22;159809.25;120434.0;3839.5;27.57;61.0;8.67;991.57;1.67;0.0;0;267.3;21.73;21.5;22.67;1.67
2023-08-23;157834.75;120763.5;4656.5;25.73;60.67;8.67;991.33;1.33;0.0;0;258.9;19.67;20.0;30.67;1.67
2023-08-24;156917.0;120835.75;2434.0;26.3;63.0;8.0;986.93;8.0;36.7;0;229.08;20.8;20.67;25.33;1.67
2023-08-25;153699.0;121695.5;2117.0;24.2;64.67;8.67;984.2;8.0;12.9;0;105.95;19.07;19.23;16.0;2.33
2023-08-26;123089.5;104338.75;10067.25;19.13;82.67;8.0;986.3;8.0;2.7;0;48.87;18.37;17.17;20.0;2.0
2023-08-27;110338.5;96136.75;6718.5;17.97;82.0;8.33;983.7;8.0;2.9;0;76.49;16.63;15.87;22.67;1.33
2023-08-28;152217.75;136180.5;5802.5;14.37;90.67;7.67;983.47;7.67;7.5;0;51.87;14.9;13.53;30.67;1.67
2023-08-29;157877.5;142319.75;4801.5;15.47;80.0;8.67;983.87;8.0;0.0;0;86.02;14.0;13.37;22.67;1.33
2023-08-30;155493.25;124951.0;3322.5;17.17;67.33;8.33;982.3;5.0;2.7;0;180.11;12.77;13.27;14.67;1.33
2023-08-31;155742.0;120954.25;7258.0;17.73;65.67;8.33;987.23;7.67;0.1;0;177.1;13.13;13.77;18.67;2.33
2023-09-01;151629.5;117758.0;3220.25;21.77;62.0;9.0;988.17;5.0;0.0;0;212.92;16.17;16.93;21.33;2.67
2023-09-02;119750.5;82220.0;5496.75;22.17;63.33;8.67;991.83;7.33;0.0;0;250.69;16.37;17.17;25.33;1.67
2023-09-03;109861.75;77624.5;7952.75;20.97;76.67;8.67;997.27;7.67;0.0;0;206.45;19.0;18.07;24.0;1.67
2023-09-04;151988.5;100754.5;4347.5;22.67;68.67;7.67;994.43;5.33;0.0;0;247.71;18.27;18.23;24.0;1.67
2023-09-05;158834.75;106207.75;4252.5;22.0;64.67;8.67;991.4;0.0;0.0;0;249.15;16.53;17.13;30.67;1.33
2023-09-06;158902.0;112330.25;4885.0;21.0;64.67;8.33;991.3;0.0;0.0;0;247.03;15.7;16.27;30.67;1.33
2023-09-07;159535.0;112979.25;5078.5;22.33;67.67;8.33;990.57;0.0;0.0;0;238.44;17.97;17.93;29.33;1.33
2023-09-08;156716.25;116819.0;3878.25;24.17;66.33;8.67;990.0;0.33;0.0;0;236.24;19.13;19.17;30.67;1.33
2023-09-09;128180.5;92605.0;4828.75;24.3;65.67;8.0;989.53;0.67;0.0;0;232.05;19.23;19.27;21.33;1.0
2023-09-10;114739.5;79539.0;4069.5;23.47;68.67;8.0;989.77;0.0;0.0;0;231.68;19.23;19.0;29.33;1.33
2023-09-11;159096.75;123508.25;3393.5;23.2;66.0;8.0;986.43;5.33;0.0;0;224.84;17.97;18.27;21.33;1.0
2023-09-12;166274.75;133603.0;4531.25;25.57;48.67;8.33;984.83;7.33;1.5;0;209.95;14.57;17.43;14.67;2.33
2023-09-13;168444.75;149897.0;2753.0;19.77;81.67;8.33;990.13;8.0;1.2;0;0.0;18.77;17.63;26.67;1.67
2023-09-14;161967.75;134452.25;5493.25;19.33;75.0;8.33;992.7;7.33;0.0;0;139.33;16.7;16.37;30.67;1.33
2023-09-15;155976.75;119078.75;6523.5;18.67;72.67;8.0;988.83;5.33;0.0;0;0.0;15.43;15.3;21.33;1.0
2023-09-16;122888.25;89676.5;4193.25;20.7;75.0;8.0;986.33;8.0;0.0;0;0.0;18.0;17.47;28.0;1.67
2023-09-17;112498.5;78798.25;5361.75;22.43;68.33;8.0;985.83;4.67;7.5;0;197.81;17.73;17.9;12.0;1.33
2023-09-18;161259.75;135751.75;5499.25;20.93;69.33;8.67;983.83;8.0;11.2;0;0.0;16.97;17.1;17.33;2.67
2023-09-19;160322.0;118198.0;10147.75;19.93;59.0;9.0;988.7;6.0;0.0;0;0.0;13.47;14.83;20.0;2.67
2023-09-20;158392.0;118930.5;8549.25;18.7;69.0;8.67;984.03;2.0;0.0;0;0.0;14.07;14.57;20.0;1.33
2023-09-21;160142.75;133219.0;4306.5;20.6;70.0;9.0;975.33;7.67;7.4;0;133.09;16.43;16.63;24.0;2.67
2023-09-22;155836.0;130426.25;4873.75;16.63;68.67;8.67;979.17;5.67;2.4;0;121.9;12.93;13.17;17.33;3.33
2023-09-23;121580.25;91706.0;9170.75;13.4;72.33;9.0;990.63;4.33;0.3;0;147.04;10.87;10.5;24.0;1.33
2023-09-24;108391.5;72116.0;11345.5;13.83;69.0;8.67;996.93;0.0;0.0;0;207.13;10.47;10.3;22.67;1.67
2023-09-25;150813.75;109246.25;7303.5;13.57;72.0;8.67;995.03;4.67;0.0;0;207.8;10.83;10.43;20.0;1.33
2023-09-26;155147.25;122298.75;4772.25;15.03;76.67;8.0;993.53;0.0;0.0;0;202.98;12.67;12.2;22.67;1.0
2023-09-27;156494.25;124185.5;4777.5;16.47;70.33;8.0;991.97;1.67;0.0;0;195.23;12.5;12.67;25.33;1.33
2023-09-28;158369.0;126435.5;7654.0;19.0;65.0;8.33;990.9;7.67;0.0;0;172.85;13.6;14.47;21.33;1.33
2023-09-29;153306.5;117336.0;3387.75;20.03;68.0;8.0;993.47;5.67;0.0;0;160.71;15.4;15.77;-660.67;-665.67
2023-09-30;119750.5;94597.25;5537.0;16.47;75.0;8.0;998.0;4.33;0.0;0;0.0;13.7;13.57;-999.0;-999.0
2023-10-01;105810.25;74209.75;8879.25;16.57;74.0;7.33;997.4;2.67;0.0;0;0.0;13.6;13.33;-999.0;-999.0
2023-10-02;126609.0;94587.75;8416.5;18.73;69.0;7.67;993.77;4.33;0.0;0;0.0;14.23;14.57;-319.67;-332.33
2023-10-03;117122.75;74514.5;11258.75;21.03;60.33;8.33;993.73;5.0;3.7;0;0.0;14.63;15.83;17.33;3.33
2023-10-04;153620.75;123011.5;8807.25;13.63;77.33;7.0;1000.6;5.0;0.0;0;0.0;11.77;11.2;29.33;1.33
2023-10-05;160254.25;141882.75;6452.5;12.17;78.33;8.33;999.07;7.33;0.0;0;0.0;10.9;9.97;32.0;1.33
2023-10-06;155472.5;126184.25;7544.25;12.2;76.67;8.0;998.47;4.33;0.0;0;0.0;10.67;9.67;18.67;1.0
2023-10-07;125158.25;89801.5;12560.5;14.3;65.0;8.33;998.67;2.67;0.0;0;0.0;9.93;10.2;9.33;1.0
2023-10-08;111491.5;80265.0;6513.75;16.1;65.67;8.0;998.13;5.33;0.0;0;0.0;11.03;11.67;24.0;1.0
2023-10-09;161289.75;133244.0;4481.75;17.83;68.67;8.0;994.97;8.0;0.0;0;0.0;13.47;13.77;20.0;1.67
2023-10-10;164105.25;138040.25;3216.5;17.33;71.0;7.67;993.83;7.67;0.0;0;0.0;13.27;13.53;10.67;1.0
2023-10-11;165222.75;126924.25;11639.75;19.5;58.33;8.0;991.53;0.0;0.0;0;0.0;12.2;13.63;14.67;2.33
2023-10-12;166386.75;136616.25;6424.5;-316.17;-311.0;-327.33;327.3;-327.67;0.0;0;0.0;-325.87;-322.87;-319.67;-330.67
2023-10-13;161956.25;119814.25;6750.25;21.13;49.0;8.0;986.13;0.0;0.0;0;0.0;10.97;13.73;21.33;2.33
2023-10-14;135556.75;106229.75;13379.25;15.17;78.67;7.33;988.07;7.67;7.4;0;0.0;13.63;12.93;25.33;2.33
2023-10-15;123555.5;97774.0;14016.75;9.7;71.33;9.0;993.87;5.67;0.0;0;0.0;8.4;7.1;24.0;1.67
2023-10-16;165064.25;131464.0;9481.25;7.5;73.0;8.33;991.0;5.33;0.0;0;0.0;7.37;5.1;18.67;1.67
2023-10-17;173307.75;148579.0;6160.0;7.63;76.0;8.0;987.47;5.67;0.0;0;0.0;7.77;5.47;29.33;1.33
2023-10-18;177676.0;154708.25;5973.25;8.13;91.33;6.0;978.37;7.67;2.1;0;0.0;9.97;7.43;26.67;1.0
2023-10-19;175483.75;158528.0;6489.0;14.97;90.0;7.33;968.0;7.67;5.8;0;0.0;15.33;13.93;18.67;1.33
2023-10-20;171730.0;145996.75;9045.0;13.7;95.0;8.0;950.6;8.0;5.0;0;0.0;14.9;13.2;20.0;1.0
2023-10-21;137625.75;106324.5;13614.0;-999.0;-999.0;-999.0;-999.0;-999.0;0.0;-999;0.0;-999.0;-999.0;-999.0;-999.0
2023-10-22;123624.75;88611.75;12233.25;-323.23;-293.67;-327.33;323.8;-999.0;0.0;-999;0.0;-326.47;-326.1;-321.0;-331.33
2023-10-23;171468.25;155676.25;4375.75;8.77;91.0;6.67;982.63;-999.0;1.8;0;0.0;10.33;8.03;21.33;1.33
2023-10-24;177844.25;170547.5;4617.5;12.5;92.33;8.0;978.57;-328.0;13.0;0;0.0;13.37;11.77;14.67;2.0
2023-10-25;177342.75;153432.75;11121.75;12.97;79.0;8.0;972.6;-999.0;10.9;0;0.0;11.63;10.77;17.33;3.33
2023-10-26;175915.25;153111.0;4342.0;13.87;83.67;7.33;970.43;-999.0;13.6;0;0.0;13.2;12.2;17.33;3.0
2023-10-27;170160.0;142588.5;5344.75;12.6;77.67;8.67;971.13;-663.33;4.5;0;0.0;11.33;10.47;18.67;2.67
2023-10-28;137633.0;106443.5;9830.5;14.0;61.67;8.67;975.77;7.67;0.0;0;0.0;9.87;10.1;17.33;2.33
2023-10-29;131730.5;107235.5;16467.25;16.13;62.0;8.67;974.13;8.0;0.0;0;0.0;10.97;11.73;22.67;1.67
2023-10-30;166173.75;147941.0;4984.0;13.1;87.33;8.0;974.8;-328.67;10.5;0;0.0;13.1;11.87;22.67;2.0
2023-10-31;169199.25;140011.25;6663.75;12.53;73.67;8.67;980.73;7.33;0.5;0;0.0;10.73;10.07;20.0;3.33
2023-11-01;130461.5;100833.25;5810.25;13.13;62.0;9.0;979.23;8.0;1.7;0;0.0;9.1;9.13;17.33;2.67
2023-11-02;168917.5;146413.75;10157.5;10.83;77.67;8.33;963.27;7.33;4.4;0;0.0;10.07;8.83;21.33;3.33
2023-11-03;170301.5;150960.75;4461.75;8.9;70.33;8.67;964.87;8.0;0.4;0;0.0;8.0;6.37;18.67;2.67
2023-11-04;143238.75;110286.0;13492.5;11.57;58.0;9.0;960.3;8.0;1.8;0;0.0;7.9;7.57;16.0;4.0
2023-11-05;130622.75;90445.0;13358.5;12.57;67.33;9.0;962.37;7.67;0.2;0;0.0;9.83;9.43;20.0;5.0
2023-11-06;174736.75;138400.0;10457.75;11.77;69.33;9.0;981.63;7.67;1.7;0;0.0;9.6;8.93;17.33;3.67
2023-11-07;180523.75;151081.75;5967.0;9.3;73.0;8.67;988.5;6.33;1.1;0;0.0;8.53;7.0;18.67;3.33
2023-11-08;181599.25;149980.75;8516.75;9.6;69.0;9.0;990.3;5.33;0.0;0;0.0;8.27;6.93;17.33;2.33
2023-11-09;182671.5;151663.25;8322.0;9.1;74.33;8.67;981.27;-999.0;4.5;0;0.0;8.7;6.93;17.33;2.67
2023-11-10;177067.75;147187.0;7841.25;9.83;63.67;8.67;976.93;-999.0;1.2;0;0.0;7.67;6.63;20.0;4.33
2023-11-11;146390.75;111953.0;5971.0;7.73;76.33;8.67;982.3;-999.0;2.2;0;0.0;8.03;5.83;18.67;3.0
2023-11-12;136796.0;125703.5;3754.75;7.37;89.33;7.67;980.47;-999.0;12.5;0;0.0;9.33;6.5;24.0;2.33
2023-11-13;181056.0;154071.75;4431.5;15.17;77.67;8.33;983.5;-663.67;23.1;0;0.0;13.43;12.87;18.67;4.0
2023-11-14;184060.75;151679.5;6337.25;12.23;72.67;8.67;984.9;7.67;14.3;0;0.0;10.33;9.67;20.0;3.67
2023-11-15;181488.25;142909.0;6823.75;11.2;73.33;8.33;993.03;5.0;1.0;0;0.0;9.8;8.8;20.0;3.33
2023-11-16;183559.25;170958.75;6585.75;9.23;84.67;7.67;983.5;7.33;20.3;0;0.0;9.97;7.9;26.67;2.33
2023-11-17;181631.5;170238.75;4355.5;7.1;89.0;8.0;993.8;8.0;9.3;0;0.0;8.97;6.27;20.0;2.0
2023-11-18;149076.25;134918.0;6931.25;6.67;82.67;8.0;996.0;8.0;7.7;0;0.0;7.97;5.2;20.0;1.33
2023-11-19;133039.5;96549.25;11985.5;13.9;79.67;9.0;989.57;5.0;0.0;0;0.0;12.63;11.93;20.0;4.0
2023-11-20;176964.25;146244.5;3521.5;11.47;70.0;8.0;987.2;7.67;1.9;0;0.0;9.4;8.7;18.67;3.67
2023-11-21;183882.0;174107.75;2332.75;8.33;94.0;7.33;986.9;7.33;4.2;0;0.0;10.33;7.87;28.0;1.67
2023-11-22;190683.25;183012.5;5556.5;3.57;82.33;8.33;998.3;7.67;0.0;0;0.0;6.57;2.47;32.0;2.67
2023-11-23;189783.25;160827.0;9001.0;3.27;79.67;8.0;998.93;0.67;0.0;0;0.0;6.03;1.8;18.67;1.33
2023-11-24;184975.5;150392.25;5589.25;6.9;81.33;7.0;985.6;8.0;2.2;0;0.0;8.07;5.4;24.0;3.0
2023-11-25;157743.5;130564.75;7503.0;4.4;74.33;8.0;986.93;7.33;2.5;0;0.0;6.17;2.6;16.0;2.33
2023-11-26;145426.0;130649.0;6472.25;3.77;83.0;8.33;990.2;8.0;0.0;0;0.0;6.63;2.6;18.67;2.0
2023-11-27;190609.0;173248.5;5823.0;3.1;84.0;8.0;977.57;7.33;7.4;0;0.0;6.37;2.0;20.0;2.67
2023-11-28;197157.5;180785.25;4394.0;3.83;86.0;8.0;975.0;7.33;0.5;0;0.0;7.0;2.97;26.67;1.67
2023-11-29;197701.25;178788.0;5485.0;2.57;67.33;9.0;979.57;7.0;0.0;0;0.0;4.9;0.43;18.67;3.33
2023-11-30;196394.75;192057.5;4199.5;1.0;90.5;7.0;972.65;6.0;14.5;0;0.0;5.95;0.45;30.0;1.0
2023-12-01;193934.0;191634.5;5150.0;1.2;97.0;5.5;973.8;8.0;3.0;-999;0.0;6.45;1.0;30.0;1.0
2023-12-02;165414.75;161463.5;3569.5;-1.43;89.0;6.33;983.83;7.67;1.3;0;0.0;4.87;-2.03;32.0;1.67
2023-12-03;154751.75;144675.5;4775.25;-2.07;78.67;7.67;994.93;2.33;0.0;1;0.0;4.07;-3.23;10.67;1.0
2023-12-04;200691.0;186443.5;4856.5;-1.1;94.33;6.0;982.3;7.0;1.2;1;0.0;5.33;-1.4;26.67;1.0
2023-12-05;197045.75;171070.25;5564.25;6.93;72.0;8.67;980.83;7.33;4.7;0;0.0;7.13;4.73;18.67;4.0
2023-12-06;197448.75;183207.0;3599.5;5.17;83.67;8.67;988.43;8.0;0.9;0;0.0;7.4;4.03;18.67;2.67
2023-12-07;193406.75;176048.5;3906.75;-0.07;90.67;6.67;990.17;5.33;2.5;0;0.0;5.5;-0.67;17.33;1.33
2023-12-08;188361.5;176664.0;5265.75;6.97;89.0;7.67;983.57;7.67;1.8;0;0.0;8.93;6.13;20.0;1.67
2023-12-09;151588.25;132432.75;6778.0;10.3;72.33;9.0;981.07;8.0;5.1;0;0.0;9.03;7.8;17.33;3.0
2023-12-10;137819.75;99828.25;9078.5;9.93;67.0;8.0;986.57;5.0;0.0;0;0.0;8.17;7.03;20.0;3.0
2023-12-11;181056.25;148473.75;4567.0;12.0;78.33;9.0;982.03;8.0;0.6;0;0.0;11.03;10.0;20.0;3.67
2023-12-12;185865.0;172463.5;4296.75;12.9;79.67;9.0;979.27;8.0;21.1;0;0.0;11.87;10.97;18.67;3.67
2023-12-13;185076.5;171602.5;6081.5;9.67;79.0;8.33;973.77;8.0;9.6;0;0.0;9.47;7.83;20.0;3.67
2023-12-14;184880.75;176394.5;3755.75;7.3;92.67;7.67;989.97;8.0;5.7;0;0.0;9.47;6.7;18.67;1.33
2023-12-15;178754.5;169791.75;3806.0;6.2;83.67;8.0;1007.83;7.67;0.0;0;0.0;7.83;4.93;22.67;1.0
2023-12-16;148982.0;138037.5;12503.25;4.2;86.0;8.33;1013.07;3.67;0.0;0;0.0;7.1;3.2;22.67;1.33
2023-12-17;140844.75;125618.75;11143.75;0.2;99.0;4.67;1010.67;6.0;0.0;0;0.0;6.17;0.17;21.33;1.0
2023-12-18;178237.75;153923.25;5308.0;1.57;86.67;7.33;1005.93;0.0;0.0;0;0.0;5.9;0.63;28.0;1.0
2023-12-19;180627.75;147941.25;6914.75;4.17;69.67;8.67;997.87;7.33;6.0;0;0.0;5.57;1.8;21.33;2.0
2023-12-20;175702.5;143292.5;10372.0;6.63;73.67;9.0;993.4;5.0;0.1;0;0.0;7.23;4.63;22.67;3.33
2023-12-21;169520.0;133478.75;8350.5;9.07;77.67;9.0;982.67;8.0;3.9;0;0.0;9.03;7.23;20.0;4.67
2023-12-22;155458.75;121843.5;12068.25;8.43;89.0;8.0;984.1;7.67;4.6;0;0.0;9.83;7.53;20.0;3.33
2023-12-23;135046.0;99719.75;7819.25;8.47;76.33;9.0;990.73;8.0;0.0;0;0.0;8.43;6.57;20.0;4.33
2023-12-24;122792.25;95860.0;20609.0;10.83;65.33;9.0;989.9;8.0;0.0;0;0.0;8.43;7.7;18.67;5.0
2023-12-25;118950.25;88926.75;12361.75;10.03;62.67;9.0;990.17;7.33;0.0;0;0.0;7.73;6.8;17.33;4.33
2023-12-26;121037.25;94889.75;12910.0;9.4;68.0;8.67;992.87;8.0;0.0;0;0.0;8.0;6.67;20.0;3.67
2023-12-27;132544.5;112665.5;5982.0;6.0;79.0;8.33;991.7;7.67;0.0;0;0.0;7.17;4.23;14.67;1.0
2023-12-28;137397.5;113614.25;11573.5;10.83;61.67;8.67;992.47;8.0;2.1;0;0.0;7.97;7.33;16.0;3.67
2023-12-29;132527.25;100410.25;14701.5;11.47;71.33;9.0;990.13;7.67;0.0;0;0.0;9.67;8.87;20.0;3.67
2023-12-30;123369.5;97067.5;10870.5;10.2;69.67;9.0;989.67;7.67;0.0;0;0.0;8.7;7.53;17.33;3.33
2023-12-31;121241.75;97351.0;14856.0;6.83;78.33;8.33;980.73;7.67;1.3;0;0.0;7.7;5.13;16.0;3.0
2024-01-01;118160.25;85551.5;12673.5;8.0;69.33;8.67;986.0;7.33;0.1;0;0.0;7.47;5.53;20.0;3.67
2024-01-02;148448.5;113689.25;8092.75;11.43;64.67;9.0;976.93;8.0;0.6;0;0.0;8.8;8.2;20.0;5.0
2024-01-03;153233.5;113597.25;7958.0;10.43;76.33;8.67;976.13;7.67;3.3;0;0.0;9.6;8.3;20.0;4.33
2024-01-04;156239.5;121531.0;5910.0;9.2;73.33;8.0;982.0;7.33;0.0;0;0.0;8.57;6.97;18.67;3.67
2024-01-05;157460.5;144271.25;3232.5;8.53;75.67;8.67;976.57;8.0;0.8;0;0.0;8.47;6.6;20.0;2.0
2024-01-06;132913.75;127879.5;2779.75;5.43;83.67;8.67;981.3;8.0;2.8;0;0.0;7.53;4.23;21.33;1.0
2024-01-07;136850.25;121532.25;5219.5;3.07;93.0;7.33;986.23;7.0;1.3;0;0.0;7.1;2.6;32.0;3.0
2024-01-08;191918.5;173264.25;6530.75;-0.73;65.0;8.67;993.23;8.0;0.0;0;0.0;3.77;-2.67;22.67;2.33
2024-01-09;201298.25;174514.75;2939.0;-1.83;66.67;8.0;996.1;8.0;1.9;0;0.0;3.53;-3.6;20.0;1.67
2024-01-10;198495.75;183501.25;2669.25;-2.6;83.0;6.67;997.3;3.33;0.0;2;0.0;4.17;-3.5;29.33;1.33
2024-01-11;199804.0;183232.75;2678.0;-5.17;87.33;6.0;999.8;1.33;0.0;1;0.0;3.6;-5.6;24.0;1.33
2024-01-12;198044.25;188082.0;3332.25;-6.27;90.0;5.33;1002.17;2.67;0.2;1;0.0;3.5;-6.5;20.0;1.0
2024-01-13;170579.25;165048.75;1235.25;-3.93;90.67;6.0;997.1;7.67;0.0;1;0.0;4.13;-4.37;18.67;1.33
2024-01-14;156197.25;138838.75;2566.75;-4.83;86.67;6.0;984.97;5.0;0.0;1;0.0;3.7;-5.27;20.0;1.0
2024-01-15;201190.75;180167.0;5255.25;0.6;79.33;7.0;980.77;7.33;0.1;1;0.0;5.07;-0.63;21.33;2.33
2024-01-16;203200.25;185900.25;3963.0;-3.57;74.0;8.0;982.6;5.33;1.7;1;0.0;3.4;-4.87;25.33;1.0
2024-01-17;202753.0;182256.0;4296.5;5.2;87.67;7.33;965.03;7.0;5.3;0;0.0;8.07;4.2;22.67;2.33
2024-01-18;199369.75;185788.0;3289.25;4.37;87.67;7.0;969.93;7.33;7.9;0;0.0;7.4;3.33;28.0;3.0
2024-01-19;200202.25;192397.25;4633.25;-1.1;83.67;7.67;993.53;4.0;0.0;1;0.0;4.7;-2.03;20.0;0.67
2024-01-20;170030.0;153077.75;5133.75;-5.83;91.0;5.67;1002.0;5.0;0.0;0;0.0;3.63;-6.1;28.0;1.33
2024-01-21;157208.25;127598.75;7787.0;1.33;63.0;8.0;1001.1;7.33;0.0;0;0.0;4.03;-1.2;16.0;2.0
2024-01-22;196982.5;161487.0;9736.0;9.1;69.0;8.33;994.27;7.67;6.9;0;0.0;8.13;6.53;20.0;3.67
2024-01-23;194565.25;154171.5;9284.25;8.4;77.67;7.67;1003.4;7.0;0.6;0;0.0;8.53;6.6;18.67;3.33
2024-01-24;188503.75;148777.75;9619.5;12.97;79.67;8.67;1001.73;7.67;5.4;0;0.0;11.87;11.03;20.0;3.67
2024-01-25;182574.0;156494.0;9096.5;9.37;94.33;7.33;1002.73;7.67;1.0;0;0.0;11.13;8.9;16.0;1.0
2024-01-26;182556.0;155818.0;4736.0;10.8;82.0;8.67;1001.83;8.0;2.6;0;0.0;10.6;9.2;20.0;2.67
2024-01-27;149262.25;123394.5;10099.5;2.8;84.67;7.0;1007.43;2.67;0.0;0;0.0;6.27;1.7;16.0;1.0
2024-01-28;138592.75;107314.25;10617.25;3.57;83.67;8.0;1002.8;5.33;0.0;0;0.0;6.53;2.33;20.0;1.0
2024-01-29;182934.25;160368.5;6124.5;6.43;69.0;8.0;1002.17;8.0;0.0;0;0.0;6.5;3.7;9.33;1.33
2024-01-30;189295.0;169305.25;3563.75;10.43;55.67;8.67;1003.7;7.67;0.0;0;0.0;7.03;6.43;18.67;2.67
2024-01-31;186782.0;171049.75;3023.0;7.43;80.33;8.33;1005.23;5.33;0.0;0;0.0;8.17;5.7;14.67;1.33
2024-02-01;188942.0;167469.25;7009.75;9.63;84.0;7.67;1003.3;7.67;4.4;0;0.0;10.03;8.27;21.33;2.67
2024-02-02;183309.25;151781.0;6062.75;7.73;82.0;6.67;1005.5;7.67;0.0;0;0.0;8.57;6.2;24.0;2.67
2024-02-03;151320.5;113059.25;11933.0;5.1;83.67;8.0;1003.33;5.33;0.0;0;0.0;7.43;3.93;24.0;2.0
2024-02-04;140615.5;101608.0;15993.5;7.57;78.33;9.0;1001.93;7.67;0.0;0;0.0;8.1;5.83;20.0;3.33
2024-02-05;181063.25;134175.75;9661.0;6.83;78.33;8.67;998.97;4.33;0.0;0;0.0;7.73;5.17;21.33;2.33
2024-02-06;188722.75;146443.75;10409.0;7.2;73.33;8.67;994.3;7.33;0.0;0;0.0;7.4;5.1;18.67;3.67
2024-02-07;187485.75;147407.25;7149.5;10.3;67.0;8.67;983.97;7.67;2.4;0;0.0;8.43;7.37;20.0;4.33
2024-02-08;182285.5;150545.5;5273.25;11.4;76.33;8.33;975.2;8.0;4.2;0;0.0;10.33;9.27;18.67;3.0
2024-02-09;175860.0;154499.25;4869.25;12.47;73.0;8.33;964.9;8.0;1.7;0;0.0;10.4;9.77;22.67;2.67
2024-02-10;142248.25;130394.5;3324.25;9.1;95.67;7.67;959.07;7.67;2.6;0;0.0;11.03;8.7;29.33;1.33
2024-02-11;133001.0;106356.75;9836.75;8.67;73.33;8.67;968.97;7.33;0.5;0;0.0;8.27;6.47;18.67;3.67
2024-02-12;172886.75;152362.0;2654.75;8.33;74.33;8.67;979.53;8.0;0.0;0;0.0;8.13;6.23;24.0;2.0
2024-02-13;177246.75;151064.0;6698.5;6.5;72.0;8.67;992.57;7.0;0.0;0;0.0;6.73;4.1;14.67;1.67
2024-02-14;179759.75;152603.0;3037.25;12.9;62.0;8.67;995.03;7.67;0.0;0;0.0;9.33;9.23;18.67;3.67
2024-02-15;172988.0;147785.75;3600.5;9.67;82.33;6.33;990.5;8.0;0.0;0;0.0;9.8;8.0;24.0;1.0
2024-02-16;169159.75;148412.5;3898.75;13.27;68.33;9.0;990.67;8.0;2.4;0;0.0;10.47;10.2;18.67;2.67
2024-02-17;138823.75;120873.25;3448.25;10.5;87.0;7.67;1003.1;7.67;0.4;0;0.0;11.1;9.4;24.0;1.33
2024-02-18;130723.0;108081.5;13516.0;8.33;82.0;7.33;1002.6;8.0;9.7;0;0.0;8.93;6.8;13.33;1.67
2024-02-19;175203.25;146060.75;8152.25;10.43;80.0;8.33;1001.6;7.0;3.8;0;0.0;10.07;8.67;18.67;2.0
2024-02-20;179553.25;152265.5;5146.75;8.57;74.67;7.67;1002.1;7.67;0.0;0;0.0;8.2;6.4;20.0;1.33
2024-02-21;178237.25;146963.25;8909.75;8.23;70.0;8.67;991.6;7.67;2.1;0;0.0;7.4;5.53;21.33;2.0
2024-02-22;181005.75;141838.75;6394.0;13.4;62.67;9.0;971.17;8.0;4.3;0;0.0;9.6;9.67;18.67;5.0
2024-02-23;176900.5;148826.0;8055.0;7.53;62.0;8.67;971.23;4.33;1.4;0;0.0;6.4;4.43;20.0;3.0
2024-02-24;145296.75;112261.25;8300.0;6.43;67.67;8.0;976.77;5.33;0.3;0;0.0;6.5;3.93;18.67;3.33
2024-02-25;132202.5;92635.75;9071.0;9.2;51.33;8.67;975.63;5.67;3.8;0;0.0;5.83;4.87;17.33;3.33
2024-02-26;173517.25;153658.25;6767.0;10.07;75.0;9.0;971.3;7.67;0.1;0;0.0;9.27;7.9;24.0;2.0
2024-02-27;179546.0;158428.5;4304.5;8.53;78.67;8.0;983.17;8.0;0.0;0;0.0;8.73;6.77;32.0;2.33
2024-02-28;180317.5;165130.0;4867.25;7.27;78.0;7.67;992.53;6.67;0.0;0;0.0;7.9;5.53;30.67;2.0
2024-02-29;175986.75;148910.75;4695.25;6.17;78.33;7.33;985.23;5.33;0.0;0;0.0;7.33;4.37;17.33;1.0
2024-03-01;175625.0;162045.75;3476.0;8.97;69.67;8.67;979.87;8.0;0.0;0;0.0;8.0;6.4;20.0;2.67
2024-03-02;139416.25;102803.5;7804.0;9.27;62.33;8.33;974.77;5.67;0.0;0;0.0;6.97;5.63;21.33;1.33
2024-03-03;127258.25;95857.25;6263.25;8.03;83.0;7.67;970.9;8.0;0.0;0;0.0;8.87;6.63;25.33;1.0
2024-03-04;177099.5;167284.75;2693.75;7.43;82.33;8.0;983.43;8.0;0.0;0;0.0;8.5;6.07;16.0;1.67
2024-03-05;182888.5;172283.75;4894.75;8.53;74.33;8.67;987.63;7.67;2.9;0;0.0;8.27;6.4;24.0;3.0
2024-03-06;185708.75;174586.5;5116.0;6.3;83.0;8.0;993.53;7.33;7.9;0;0.0;7.9;5.03;9.33;1.67
2024-03-07;180321.0;157058.0;3593.5;6.43;79.67;5.33;990.27;7.0;0.0;0;0.0;7.57;4.8;18.67;1.67
2024-03-08;173803.25;127589.75;10993.5;5.03;77.67;7.33;980.67;2.67;0.0;0;0.0;6.73;3.23;28.0;1.33
2024-03-09;138101.0;97114.25;13077.5;8.27;75.0;7.0;972.7;5.33;0.0;0;0.0;8.13;6.07;18.67;1.33
2024-03-10;130911.5;105560.75;11283.0;8.1;80.67;8.0;967.03;8.0;7.1;0;0.0;8.7;6.5;14.67;2.33
2024-03-11;170940.0;131761.0;5911.75;9.3;70.33;9.0;978.7;4.67;1.8;0;0.0;8.1;6.63;18.67;2.0
2024-03-12;181973.5;161863.25;2773.25;8.5;79.0;8.0;990.17;8.0;13.4;0;0.0;8.77;6.8;18.67;3.33
2024-03-13;181845.75;166972.5;2573.5;10.93;84.67;8.0;990.37;8.0;5.4;0;0.0;11.03;9.57;16.0;2.33
2024-03-14;169179.0;134910.75;8556.0;11.67;74.67;8.67;986.7;8.0;0.0;0;0.0;10.0;8.97;22.67;2.0
2024-03-15;167720.0;127876.0;7480.25;14.33;64.33;9.0;987.53;7.33;8.4;0;0.0;10.5;10.7;18.67;3.67
2024-03-16;138103.25;103882.25;13357.75;12.2;78.67;8.67;993.13;8.0;5.6;0;0.0;11.17;10.2;14.67;2.0
2024-03-17;126580.75;104452.75;10704.0;10.0;88.33;8.0;993.63;8.0;1.9;0;0.0;10.87;8.93;16.0;1.33
2024-03-18;173127.25;162198.75;5873.5;11.37;90.33;7.33;988.93;7.67;8.2;0;0.0;12.17;10.5;24.0;2.0
2024-03-19;171731.5;142793.25;8139.25;12.13;78.33;6.67;990.87;7.0;0.0;0;0.0;10.93;9.9;25.33;1.33
2024-03-20;168454.5;131883.75;8414.0;11.97;74.0;8.67;991.1;7.67;2.7;0;0.0;10.17;9.2;21.33;1.0
2024-03-21;168221.75;131924.5;5250.75;15.4;63.0;8.33;995.57;6.0;0.2;0;0.0;10.77;11.33;24.0;2.67
2024-03-22;161411.0;125157.75;8912.5;15.33;55.67;8.67;990.63;6.0;0.0;0;0.0;8.93;10.07;14.67;1.67
2024-03-23;137690.0;90630.75;14548.75;8.8;75.0;8.67;985.93;8.0;3.3;0;0.0;8.67;6.8;21.33;3.0
2024-03-24;130823.75;86560.75;20078.5;7.17;66.33;8.33;984.0;7.0;2.1;0;0.0;6.6;4.43;21.33;3.33
2024-03-25;163985.75;112850.5;4765.75;8.73;54.67;8.33;977.2;2.67;0.0;0;0.0;5.6;4.37;10.67;2.0
2024-03-26;166551.0;124153.5;2224.75;11.27;62.0;9.0;964.47;8.0;0.0;0;0.0;8.27;7.6;22.67;1.33
2024-03-27;170411.5;140652.75;3912.0;6.53;81.67;7.67;962.47;7.67;0.8;0;0.0;7.93;5.17;20.0;2.67
2024-03-28;165985.25;122497.25;7902.0;8.1;69.67;8.67;967.07;4.33;6.0;0;0.0;7.27;5.4;13.33;2.0
2024-03-29;128595.75;95738.25;17156.5;12.03;73.33;8.33;970.17;7.67;0.9;0;0.0;10.37;9.5;22.67;1.67
2024-03-30;126105.5;99505.0;4177.75;11.23;83.33;5.67;970.83;7.33;3.7;0;0.0;10.93;9.57;21.33;1.67
2024-03-31;103465.75;69639.25;11732.5;11.0;85.0;6.67;969.37;8.0;5.2;0;0.0;11.07;9.57;18.67;1.33
2024-04-01;116189.25;85541.25;8090.75;10.13;78.33;8.67;974.33;8.0;0.2;0;0.0;9.67;8.2;17.33;2.33
2024-04-02;159965.0;103747.75;18209.25;11.3;60.33;8.67;986.17;6.33;0.0;0;0.0;7.93;7.53;20.0;3.67
2024-04-03;172005.25;140949.75;5937.75;11.17;73.67;8.67;983.43;7.33;1.2;0;0.0;9.87;8.8;14.67;2.67
2024-04-04;168770.0;128033.0;11116.75;14.2;72.67;7.67;987.37;7.33;1.3;0;0.0;11.8;11.5;21.33;2.33
2024-04-05;159567.0;114708.25;7359.75;18.2;54.67;9.0;987.63;7.67;0.0;0;0.0;10.97;12.6;16.0;2.33
2024-04-06;125036.5;73927.25;11244.25;20.4;45.67;8.67;987.8;6.0;0.0;0;0.0;9.93;12.73;13.33;1.67
2024-04-07;114441.25;72641.5;20411.25;20.73;44.67;8.33;988.63;7.67;0.0;0;0.0;10.83;13.57;21.33;1.33
2024-04-08;159128.25;118974.25;6456.25;20.83;43.67;8.0;982.13;6.33;0.0;0;0.0;10.67;13.47;17.33;1.67
2024-04-09;171105.75;142282.5;7406.5;12.1;70.33;8.0;989.4;8.0;3.3;0;0.0;9.93;9.23;17.33;3.67
2024-04-10;168457.75;133097.25;13742.0;10.03;62.0;8.33;1001.17;5.33;0.0;0;0.0;7.33;6.47;20.0;1.67
2024-04-11;162682.75;117725.25;7285.5;11.57;59.33;8.33;1004.87;0.67;0.0;0;0.0;7.77;7.43;24.0;1.33
2024-04-12;156938.0;111051.25;8791.0;14.63;58.67;8.0;1003.93;5.67;0.0;0;0.0;9.13;9.8;28.0;1.33
2024-04-13;124688.0;78618.0;15992.0;18.5;53.0;9.0;998.8;7.67;0.0;0;0.0;10.57;12.43;20.0;1.0
2024-04-14;114895.75;64258.75;19413.0;19.33;58.33;8.67;992.73;6.0;0.1;0;0.0;12.7;13.97;17.33;2.0
2024-04-15;165910.0;126962.0;6264.75;16.03;64.0;8.33;983.87;8.0;14.0;0;0.0;11.37;11.93;22.67;3.0
2024-04-16;173347.25;117798.75;9864.0;8.27;72.67;8.67;983.63;6.67;8.8;0;0.0;7.87;5.97;20.0;3.67
2024-04-17;175368.5;147526.0;4846.75;7.1;76.67;8.33;983.57;7.0;14.7;0;0.0;7.67;5.27;20.0;2.0
2024-04-18;171495.5;140893.5;5102.5;6.37;77.33;8.33;989.57;7.33;0.7;0;0.0;7.3;4.57;30.67;1.67
2024-04-19;176829.25;141553.75;11502.25;7.1;78.67;7.33;988.03;7.33;11.0;0;0.0;7.93;5.43;20.0;3.33
2024-04-20;139239.0;100695.5;13117.75;5.27;83.67;7.67;992.3;7.67;6.1;0;0.0;7.43;4.07;22.67;1.33
2024-04-21;130374.25;102512.0;11484.5;5.27;81.33;8.67;991.13;7.33;4.9;0;0.0;7.2;3.9;21.33;1.67
2024-04-22;173987.0;139017.0;3676.5;5.27;74.33;8.33;991.4;6.67;0.0;0;0.0;6.57;3.37;13.33;1.33
2024-04-23;177393.0;139515.5;5506.5;6.03;68.67;7.67;987.9;8.0;0.0;0;0.0;6.2;3.4;30.67;2.0
2024-04-24;181345.25;148835.5;4885.25;5.47;75.0;8.0;983.7;6.33;1.8;0;0.0;6.73;3.63;17.33;2.33
2024-04-25;176408.75;142449.25;5334.5;7.43;61.67;8.67;980.77;7.67;1.2;0;0.0;6.2;4.27;13.33;1.33
2024-04-26;169179.5;133462.25;3698.5;9.8;76.67;8.67;979.3;7.67;2.4;0;0.0;9.27;7.77;17.33;3.0
2024-04-27;128296.5;73081.25;7139.25;15.67;56.67;9.0;978.97;7.33;0.0;0;0.0;9.07;10.2;24.0;2.0
2024-04-28;120264.75;82969.0;12780.0;13.2;64.67;8.67;986.87;8.0;0.0;0;0.0;9.8;9.73;18.67;3.33
2024-04-29;157201.75;111963.25;7939.0;14.73;70.33;8.0;992.0;8.0;0.0;0;0.0;11.7;11.6;28.0;1.67
2024-04-30;157261.75;107430.75;5470.0;17.17;72.0;8.33;985.9;4.0;0.0;0;0.0;13.9;13.8;21.33;1.33
2024-05-01;115229.0;63843.75;11023.75;20.37;53.0;8.0;974.93;6.0;0.0;0;0.0;12.03;13.93;22.67;1.67
2024-05-02;154697.5;115885.75;14265.5;13.6;84.0;7.67;974.67;8.0;5.6;0;0.0;13.2;12.07;18.67;3.0
2024-05-03;158271.75;122735.75;1791.25;12.8;71.67;9.0;987.4;8.0;0.0;0;0.0;10.6;10.07;24.0;2.33
2024-05-04;125452.75;83336.0;7765.5;14.67;66.67;8.67;985.8;7.67;2.3;0;0.0;10.83;10.97;28.0;1.33
2024-05-05;115245.5;74907.25;11301.25;16.5;76.0;8.67;983.57;7.33;9.2;0;0.0;14.23;13.87;18.67;2.67
2024-05-06;163277.5;133549.0;3155.5;13.57;85.0;8.0;982.77;7.33;5.3;0;0.0;13.23;12.17;21.33;3.0
2024-05-07;165527.25;137791.25;3040.0;13.87;79.33;8.33;988.17;8.0;0.3;0;0.0;12.57;11.8;30.67;1.67
2024-05-08;161427.25;136298.75;3796.75;14.07;68.0;8.67;995.53;4.67;0.0;0;0.0;10.6;10.67;32.0;2.67
2024-05-09;117489.5;68713.25;10988.0;17.03;62.33;8.33;995.3;6.33;0.0;0;0.0;11.8;12.63;32.0;2.33
2024-05-10;129482.75;72898.0;11775.0;18.13;55.0;8.67;992.27;1.0;0.0;0;0.0;11.23;12.67;26.67;2.33
2024-05-11;117321.75;59339.0;13020.75;20.4;50.0;8.33;990.5;1.67;0.0;0;0.0;11.87;13.97;30.67;1.67
2024-05-12;110489.25;53927.75;17378.5;21.87;49.67;8.33;987.13;6.33;0.3;0;0.0;12.77;15.07;24.0;1.33
2024-05-13;158149.0;115265.0;8310.25;20.37;60.67;8.67;984.27;4.33;0.0;0;0.0;14.27;15.4;18.67;1.0
2024-05-14;160743.25;100210.0;10723.75;20.4;59.67;9.0;978.17;5.33;2.3;0;0.0;13.97;15.2;24.0;1.33
2024-05-15;166454.0;137992.5;8079.0;15.77;85.0;7.0;978.2;8.0;8.0;0;0.0;15.13;14.13;28.0;2.0
2024-05-16;159970.25;117894.75;6018.5;14.77;77.33;8.0;978.53;7.67;41.1;0;0.0;12.8;12.33;20.0;1.67
2024-05-17;163807.75;133418.0;2916.25;13.43;87.0;7.67;981.6;7.67;8.3;0;0.0;13.5;12.2;20.0;2.0
2024-05-18;124102.0;72544.5;5034.25;15.77;74.0;8.33;984.3;4.33;6.5;0;0.0;12.73;12.73;30.67;1.67
2024-05-19;105200.25;58424.0;7811.5;17.43;65.67;9.0;984.03;4.33;0.0;0;0.0;12.93;13.47;22.67;2.0
2024-05-20;105093.75;51872.75;6591.0;19.03;65.0;9.0;981.37;3.0;15.3;0;0.0;14.23;14.77;30.67;1.67
2024-05-21;154583.5;130540.5;6250.0;16.17;80.33;8.0;980.43;7.33;5.2;0;0.0;14.6;14.03;16.0;2.0
2024-05-22;155355.25;112005.25;8372.5;17.27;66.0;8.67;984.97;5.33;0.1;0;0.0;12.93;13.43;24.0;3.0
2024-05-23;156917.5;125392.25;5310.25;14.33;80.67;8.33;989.0;7.33;0.5;0;0.0;13.23;12.43;20.0;1.33
2024-05-24;150442.75;116158.0;2823.25;15.53;76.33;8.33;989.93;6.33;8.1;0;0.0;13.33;13.0;25.33;2.0
2024-05-25;116410.5;69464.75;6629.5;16.87;70.33;8.67;989.7;7.67;0.5;0;0.0;13.33;13.47;17.33;2.0
2024-05-26;106593.25;60373.0;11210.25;18.77;63.0;8.0;989.97;6.67;2.6;0;0.0;13.33;14.2;20.0;2.0
2024-05-27;151602.5;121651.75;6904.75;18.33;70.67;8.67;989.93;8.0;0.0;0;0.0;14.57;14.87;22.67;1.67
2024-05-28;150852.75;100116.75;6404.5;17.63;51.33;9.0;992.2;2.0;0.0;0;0.0;10.03;11.8;22.67;2.0
2024-05-29;153839.25;122044.5;9821.75;15.73;76.0;8.0;987.4;7.67;5.9;0;0.0;13.63;13.23;17.33;2.67
2024-05-30;117567.75;75101.75;4437.5;16.17;81.67;8.67;979.53;7.67;12.3;0;0.0;15.0;14.23;16.0;2.33
2024-05-31;135713.0;114195.5;5184.25;13.2;86.0;8.33;983.6;8.0;16.3;0;68.47;13.0;11.83;13.33;1.67
2024-06-01;124748.25;97308.75;8905.75;14.63;88.0;7.33;988.77;8.0;7.0;0;106.3;14.6;13.4;21.33;1.33
2024-06-02;117903.5;93387.25;14451.25;15.8;91.33;7.67;990.57;7.67;23.5;0;109.22;16.43;14.9;21.33;1.33
2024-06-03;158306.0;134347.25;4114.0;15.57;78.0;7.67;990.63;6.67;0.0;0;100.25;13.7;13.23;30.67;2.0
2024-06-04;159595.25;112842.25;12810.75;18.73;66.33;8.0;986.6;5.67;0.0;0;269.91;13.87;14.53;22.67;1.67
2024-06-05;162569.25;121656.5;10007.75;21.07;60.67;8.0;986.2;7.33;0.0;0;302.84;14.93;16.07;25.33;3.33
2024-06-06;158851.75;109265.75;10626.75;21.4;60.33;8.0;988.3;6.67;1.1;0;294.67;14.93;16.13;20.0;2.33
2024-06-07;154065.25;103202.5;9699.75;21.37;59.67;8.33;989.7;5.33;0.0;0;339.23;14.73;16.03;26.67;1.67
2024-06-08;124733.0;82918.25;11848.25;19.53;73.33;8.0;984.93;6.33;6.2;0;154.87;16.87;16.47;25.33;1.67
2024-06-09;113841.75;74422.75;15966.0;18.53;76.33;8.0;980.57;6.67;1.8;0;141.8;16.23;15.8;26.67;1.67
2024-06-10;153669.0;94191.25;8145.0;18.93;46.67;9.0;981.73;4.0;0.9;0;322.58;10.03;12.3;13.33;2.67
2024-06-11;159362.25;118384.25;11294.5;14.83;55.67;8.67;988.0;6.67;0.0;0;298.27;9.2;10.03;30.67;2.33
2024-06-12;157895.5;112588.75;11541.5;16.0;51.33;8.67;989.73;3.67;0.0;0;299.66;9.03;10.47;22.67;2.0
2024-06-13;155480.25;105743.0;11055.5;17.77;49.67;9.0;989.47;2.67;0.0;0;334.38;9.63;11.57;29.33;1.33
2024-06-14;157811.75;125412.0;7386.5;19.13;61.67;8.67;984.03;7.33;19.1;0;122.12;13.6;14.57;17.33;2.67
2024-06-15;123593.0;68536.25;20112.25;18.3;57.33;9.0;983.43;6.33;0.0;0;296.86;11.8;13.2;20.0;4.0
2024-06-16;111084.75;59987.0;20401.25;19.0;58.33;9.0;983.97;6.67;0.2;0;262.23;12.73;14.0;21.33;3.0
2024-06-17;159055.5;120216.0;10055.75;19.67;72.33;8.33;987.2;7.67;0.9;0;165.72;16.67;16.5;21.33;2.0
2024-06-18;160099.25;107458.25;2560.5;23.73;60.33;8.33;985.5;7.67;8.1;0;274.82;17.33;18.1;25.33;1.33
2024-06-19;162663.5;115446.75;5232.75;23.03;72.33;8.67;986.97;3.33;0.0;0;285.85;19.97;19.27;22.67;1.67
2024-06-20;162726.25;130694.25;4699.75;20.73;80.67;7.67;990.0;7.67;1.3;0;137.77;19.83;18.4;28.0;1.33
2024-06-21;162928.0;132699.75;5893.25;22.0;64.33;8.33;986.73;7.0;1.9;0;144.12;16.9;17.4;18.67;3.0
2024-06-22;127894.0;89987.0;17236.25;16.67;80.0;8.33;988.5;8.0;14.5;0;109.08;15.17;14.57;12.0;1.67
2024-06-23;115424.0;79558.75;10994.0;18.97;72.33;9.0;990.47;7.67;0.0;0;186.17;15.7;15.7;22.67;1.67
2024-06-24;156325.25;95111.0;9980.25;23.63;59.0;8.67;987.67;2.33;0.0;0;290.44;16.47;17.7;12.0;2.33
2024-06-25;160600.5;95695.0;9549.75;24.83;59.33;8.33;983.5;0.33;0.0;0;348.24;18.23;18.97;21.33;2.0
2024-06-26;165558.5;123567.75;6766.25;23.3;71.33;8.33;983.0;6.33;0.0;0;217.75;20.27;19.53;20.0;1.67
2024-06-27;165302.25;117897.75;8994.75;27.07;58.67;8.33;983.57;2.0;4.8;0;291.67;20.7;20.9;20.0;2.0
2024-06-28;162395.25;112677.25;11300.25;26.07;65.33;8.0;988.27;3.67;0.0;0;285.29;21.5;21.0;28.0;2.33
2024-06-29;129433.25;83633.75;7606.0;25.03;74.33;8.33;983.47;7.67;7.8;0;213.1;23.5;21.47;28.0;1.67
2024-06-30;119701.0;81090.5;11473.75;18.63;86.33;7.0;984.77;8.0;8.1;0;92.97;18.4;17.03;18.67;3.0
2024-07-01;155673.5;119377.25;2571.75;19.43;70.0;8.0;987.9;6.33;7.1;0;206.44;15.63;15.8;17.33;2.67
2024-07-02;160168.0;130141.75;2607.75;16.73;76.33;8.67;988.93;8.0;3.9;0;128.95;14.37;14.1;16.0;2.0
2024-07-03;162636.25;136982.5;1738.25;15.3;89.33;7.67;984.63;8.0;14.0;0;82.17;15.53;14.2;24.0;1.67
2024-07-04;164286.5;116624.0;10012.75;18.73;71.67;9.0;984.9;7.67;0.2;0;175.52;15.57;15.53;20.0;3.33
2024-07-05;152945.0;95892.5;9925.25;21.97;54.33;9.0;986.13;6.67;0.0;0;304.56;14.1;15.93;21.33;2.67
2024-07-06;127947.75;90354.0;16878.5;19.1;81.33;7.67;981.4;8.0;9.8;0;85.87;18.0;17.0;18.67;2.33
2024-07-07;113015.25;72429.5;17187.75;19.0;64.0;8.67;987.23;6.67;0.0;0;269.23;13.47;14.43;26.67;1.33
2024-07-08;152530.5;96452.75;5372.0;21.73;58.0;8.67;989.0;0.0;0.0;0;350.31;14.77;16.07;29.33;1.67
2024-07-09;162549.0;104354.5;7097.75;26.7;58.33;8.33;986.63;5.0;0.4;0;334.74;19.97;20.37;29.33;1.0
2024-07-10;170444.75;136418.0;4683.75;24.27;70.67;9.0;989.23;7.67;3.9;0;196.9;21.5;20.4;20.0;1.67
2024-07-11;164518.75;122583.0;4364.0;24.53;68.67;8.33;989.2;3.67;0.5;0;273.97;20.93;20.23;29.33;2.0
2024-07-12;164729.5;129317.75;4123.5;21.8;79.33;8.67;983.57;7.33;4.7;0;108.64;20.6;19.23;24.0;2.33
2024-07-13;125529.0;85676.0;9041.5;19.9;63.0;8.67;986.23;4.33;0.0;0;285.64;14.33;15.27;24.0;2.0
2024-07-14;114781.5;66985.25;14086.25;21.47;54.67;8.67;986.33;5.33;0.0;0;259.07;13.87;15.53;21.33;1.67
2024-07-15;159775.25;109261.0;7923.0;23.67;67.33;8.67;983.47;7.67;7.9;0;233.07;19.57;19.2;17.33;1.0
2024-07-16;164979.75;113342.0;9352.25;22.43;62.0;8.67;988.63;3.0;0.0;0;224.94;16.6;17.43;21.33;3.0
2024-07-17;162814.0;117486.5;7110.25;22.03;60.0;8.33;993.0;0.33;0.0;0;333.11;15.4;16.7;25.33;2.0
2024-07-18;161340.5;107519.0;6420.25;23.57;64.33;8.67;992.37;5.33;0.0;0;328.78;18.4;18.63;30.67;1.67
2024-07-19;160423.25;109975.5;5346.25;25.9;61.0;8.33;989.63;3.67;0.0;0;323.33;20.07;20.23;28.0;1.67
2024-07-20;129660.0;79486.25;8507.5;27.07;56.0;8.33;982.6;1.67;0.3;0;304.63;19.47;20.33;30.67;1.67
2024-07-21;119364.25;76069.75;9042.75;24.87;65.0;8.67;982.43;5.33;0.6;0;230.71;20.23;20.03;17.33;2.33
2024-07-22;162627.0;121138.25;8196.5;22.87;69.67;8.67;990.47;4.33;0.2;0;214.02;18.97;18.77;28.0;2.0
2024-07-23;166183.0;122837.25;4683.25;22.7;62.0;9.0;992.23;7.33;3.5;0;233.69;17.07;17.77;18.67;3.0
2024-07-24;165565.75;121625.0;9105.75;19.87;70.0;8.67;992.07;5.67;0.0;0;244.47;15.97;16.17;32.0;2.0
2024-07-25;159685.0;110383.5;9123.5;22.2;61.67;8.33;986.83;3.0;0.0;0;316.31;16.17;17.07;30.67;1.0
2024-07-26;157898.0;116789.75;6083.5;24.0;63.0;8.67;985.2;7.0;0.0;0;266.45;18.2;18.73;20.0;1.67
2024-07-27;127244.25;93894.5;3728.25;23.7;74.67;8.33;986.6;8.0;16.3;0;213.5;21.43;20.17;26.67;1.67
2024-07-28;112486.0;60438.25;12866.25;20.33;68.0;8.33;996.23;3.0;0.2;0;302.62;15.73;16.23;32.0;1.67
2024-07-29;148956.0;91231.75;10358.0;22.83;65.0;8.67;993.17;0.0;0.0;0;323.19;17.83;18.03;32.0;1.67
2024-07-30;157904.5;104388.25;6149.25;26.3;58.67;8.67;988.8;4.0;0.0;0;299.55;19.63;20.1;30.67;1.33
2024-07-31;161173.5;116155.0;3326.25;24.43;71.67;8.0;986.77;4.67;4.4;0;240.28;21.73;20.5;28.0;2.67
2024-08-01;160297.75;131969.5;3045.25;21.6;85.33;8.0;984.77;8.0;14.2;0;142.18;22.07;19.87;22.67;2.0
2024-08-02;152047.75;108323.25;5247.75;22.63;78.33;7.0;984.97;4.67;11.6;0;196.32;21.03;19.7;28.0;1.33
2024-08-03;122060.25;80117.5;11131.5;22.47;72.67;8.0;986.0;4.33;0.0;0;231.14;19.33;18.8;30.67;1.67
2024-08-04;110878.5;73436.0;15073.5;22.4;67.0;8.33;988.27;7.67;0.0;0;187.47;18.03;18.17;21.33;1.33
2024-08-05;143705.75;98316.5;10986.0;22.9;66.33;8.33;987.2;2.67;0.0;0;300.21;18.1;18.37;28.0;1.67
2024-08-06;148568.0;96972.25;10270.5;24.2;64.0;8.33;984.53;4.33;8.1;0;308.32;19.0;19.1;30.67;1.33
2024-08-07;153093.0;115895.0;7930.0;23.2;75.67;8.0;986.37;4.0;5.9;0;187.35;21.1;19.9;22.67;3.0
2024-08-08;147415.5;111089.0;8603.25;22.07;66.67;8.67;989.9;2.67;0.0;0;244.36;17.4;17.67;29.33;2.0
2024-08-09;140729.5;89620.0;17142.75;-318.0;-288.0;-663.33;991.07;-666.0;0.0;0;289.03;-320.97;-320.93;-655.33;-665.67
2024-08-10;115677.5;65952.25;14494.0;-659.4;-639.0;-999.0;993.53;-666.0;0.0;0;303.12;-659.73;-660.1;-666.0;-666.0
2024-08-11;105764.0;53167.75;14270.0;-658.87;-641.33;-663.0;990.97;-665.33;0.1;0;296.64;-659.7;-659.9;-660.67;-665.67
2024-08-12;145332.0;98067.0;11475.75;28.53;64.0;8.0;985.33;4.67;0.4;0;565.16;24.37;22.9;20.0;1.67
2024-08-13;151304.25;104472.25;17401.75;25.33;66.0;8.67;982.7;2.67;0.0;0;524.96;20.77;20.33;21.33;1.67
2024-08-14;148531.25;102912.75;6163.75;-489.35;-459.0;-495.0;-7.1;-495.5;1.5;0;484.86;-489.8;-490.45;-483.5;-499.0
2024-08-15;146515.5;99565.75;12515.25;-315.4;-296.33;-327.0;326.87;-332.33;0.0;0;578.34;-320.43;-319.77;-313.0;-331.67
2024-08-16;143151.25;99082.75;10488.25;24.77;66.0;9.0;989.37;1.0;0.0;0;519.81;20.13;19.9;29.33;2.0
2024-08-17;117181.0;79176.75;13088.25;23.73;64.0;9.0;985.8;3.67;2.1;0;516.45;18.33;18.7;29.33;1.33
2024-08-18;110680.5;92586.0;13661.25;19.8;80.67;8.67;984.13;7.67;4.7;0;55.18;18.53;17.57;18.67;2.33
2024-08-19;141674.5;107080.25;11576.25;20.1;74.0;6.0;989.3;5.0;0.0;0;216.31;17.03;16.8;32.0;2.33
2024-08-20;149004.25;122686.25;8040.75;21.47;70.0;8.67;985.43;3.33;0.7;0;270.16;17.83;17.67;17.33;0.67
2024-08-21;147153.75;100987.0;13984.25;19.07;65.0;9.0;991.3;7.67;0.0;0;200.94;14.2;14.9;30.67;1.67
2024-08-22;143437.5;94463.0;12157.75;19.37;63.0;8.33;986.97;4.0;0.0;0;281.65;13.43;14.47;24.0;1.33
2024-08-23;142578.75;87765.0;22303.75;22.7;54.33;8.67;986.27;5.33;0.0;0;266.44;14.13;16.03;18.67;2.33
2024-08-24;116931.0;61774.25;15561.0;27.43;47.67;8.0;983.33;0.33;23.3;0;263.87;15.83;18.63;21.33;2.0
2024-08-25;107135.5;66920.0;23709.25;18.63;68.67;9.0;994.67;3.67;0.0;0;222.57;14.4;14.87;28.0;2.0
2024-08-26;145097.0;109581.75;10013.25;18.1;68.67;8.67;994.07;5.0;0.0;0;236.9;13.87;14.27;29.33;2.0
2024-08-27;150377.5;99304.5;12612.25;20.53;67.67;8.67;991.13;0.0;0.0;0;269.74;16.27;16.43;21.33;1.33
2024-08-28;154886.75;106689.25;8827.5;23.77;68.67;8.0;989.1;0.0;0.0;0;261.81;19.63;19.23;17.33;1.33
2024-08-29;158425.5;113866.5;11674.25;25.53;64.0;8.0;989.8;0.0;0.0;0;245.47;20.2;20.13;26.67;1.33
2024-08-30;155073.25;111826.0;7778.25;24.27;71.33;8.0;989.63;7.33;0.0;0;224.38;21.43;20.33;25.33;1.67
2024-08-31;125125.25;74652.5;12435.75;23.47;81.0;7.67;990.0;6.67;0.0;0;221.04;23.17;20.87;30.67;1.33
2024-09-01;116610.25;66482.25;12855.5;25.0;70.67;7.67;986.73;6.0;26.7;0;224.67;21.93;20.8;12.0;1.33
2024-09-02;158132.5;129084.25;5376.5;21.77;81.33;7.67;986.03;5.33;0.0;0;168.71;21.1;19.4;21.33;1.0
2024-09-03;163459.75;125944.0;4740.75;23.63;70.0;8.0;987.23;2.67;0.1;0;207.67;19.7;19.33;24.0;1.67
2024-09-04;163643.75;131650.25;5639.75;21.17;83.33;7.0;986.83;8.0;7.9;0;128.65;20.83;19.1;16.0;1.0
2024-09-05;164088.75;117517.0;9299.0;19.8;86.67;6.67;979.97;8.0;16.2;0;64.53;19.93;18.17;24.0;2.0
2024-09-06;156030.5;120597.5;6282.75;19.73;74.33;9.0;983.9;4.67;0.0;0;231.1;17.07;16.67;18.67;1.0
2024-09-07;124162.0;75648.75;7593.0;21.1;83.33;8.0;983.2;1.33;0.0;0;232.25;20.63;18.87;21.33;0.67
2024-09-08;118403.25;97097.5;9305.25;19.33;83.33;8.33;983.43;7.67;1.6;0;54.29;18.63;17.37;17.33;1.67
2024-09-09;156794.5;121447.5;5466.75;18.3;72.67;9.0;981.6;5.67;3.7;0;120.23;15.3;15.23;18.67;3.33
2024-09-10;160847.5;123059.0;16443.0;16.77;73.67;8.67;987.73;8.0;0.2;0;125.65;14.0;13.87;20.0;3.33
2024-09-11;165902.0;138544.25;12683.0;13.1;83.33;8.0;983.23;7.67;18.6;0;21.57;12.53;11.43;21.33;3.33
2024-09-12;157353.75;123727.75;8778.75;10.77;76.67;8.33;986.9;6.33;1.3;0;146.15;9.73;8.6;17.33;2.0
2024-09-13;156715.0;123928.5;7553.0;10.73;80.67;8.0;994.0;6.67;6.0;0;101.09;10.3;8.93;28.0;1.67
2024-09-14;127371.25;92922.75;13611.75;11.33;76.0;8.67;1000.47;7.67;0.0;0;118.84;10.13;9.13;32.0;2.0
2024-09-15;114323.5;71175.25;12472.75;11.37;70.0;9.0;997.57;2.33;0.0;0;220.45;8.97;8.27;32.0;1.33
2024-09-16;161369.25;145544.75;2835.5;11.27;87.0;7.67;995.3;7.67;2.0;0;59.64;11.57;10.0;29.33;1.0
2024-09-17;166646.0;133110.5;6053.5;15.13;84.33;7.0;993.07;6.0;0.0;0;74.66;14.43;13.5;22.67;1.67
2024-09-18;161598.25;99680.25;8598.0;17.23;64.0;8.0;991.03;1.67;0.0;0;188.79;11.8;12.67;16.0;2.0
2024-09-19;156855.0;92938.75;7131.0;18.13;63.67;8.0;989.1;4.0;0.0;0;209.32;12.6;13.53;18.67;1.67
2024-09-20;153265.75;100272.0;12803.75;16.93;73.67;8.0;991.13;0.0;0.0;0;200.96;13.83;13.73;18.67;1.33
2024-09-21;122315.25;78480.25;6840.0;17.0;78.33;7.67;991.13;1.67;0.0;0;209.64;14.87;14.33;14.67;0.67
2024-09-22;112851.25;80272.0;5664.0;17.1;80.33;7.67;987.47;7.67;0.0;0;155.13;15.6;14.77;12.0;1.33
2024-09-23;160433.25;141799.25;4159.5;16.87;83.0;8.0;983.7;8.0;6.6;0;47.14;15.87;15.03;18.67;2.33
2024-09-24;164471.75;123996.75;4519.75;16.37;68.67;8.0;982.07;7.67;0.4;0;122.66;12.7;12.97;20.0;3.33
2024-09-25;165303.0;127916.0;9069.0;17.9;61.33;9.0;981.1;7.67;1.5;0;110.92;12.57;13.43;17.33;2.0
2024-09-26;170159.75;134328.5;7688.25;18.63;75.67;8.67;973.33;7.67;25.2;0;16.96;16.2;15.87;17.33;4.33
2024-09-27;164763.0;121979.75;20122.75;14.83;74.33;8.33;979.07;5.67;6.6;0;69.68;12.6;12.23;18.67;3.33
2024-09-28;131237.75;101574.75;16289.0;11.47;86.67;7.33;992.7;6.67;4.8;0;86.35;11.67;10.27;13.33;1.67
2024-09-29;119573.25;79785.25;13180.5;9.97;82.67;9.0;995.97;5.33;0.2;0;157.2;10.13;8.3;24.0;1.33
2024-09-30;163681.75;134750.25;17110.5;16.57;68.0;9.0;988.4;7.67;0.0;0;105.83;12.67;13.0;22.67;2.67
2024-10-01;169045.5;139312.75;10126.5;15.02;75.5;7.75;984.95;8.0;30.9;0;69.77;12.8;12.45;23.0;2.5
2024-10-02;163523.25;143102.25;11714.75;12.45;86.5;8.0;981.55;8.0;0.4;0;68.54;12.42;11.15;23.0;2.0
2024-10-03;128445.0;109428.25;8638.0;9.43;91.75;8.25;984.7;6.0;0.8;0;66.77;10.9;8.72;25.0;1.75
2024-10-04;141235.75;120329.0;8714.75;10.12;89.0;8.0;988.25;7.5;0.5;0;65.07;10.95;9.12;25.0;1.5
2024-10-05;129219.25;110044.75;9776.25;9.72;90.0;6.0;988.88;6.0;0.0;0;116.39;10.75;8.8;32.0;1.5
2024-10-06;122661.25;95925.25;18353.5;8.78;88.0;8.25;982.6;6.0;3.0;0;95.25;10.05;7.7;21.0;1.0
2024-10-07;168229.75;146120.0;13163.25;15.75;94.25;7.5;978.65;8.0;18.7;0;31.27;16.88;15.12;17.0;1.75
2024-10-08;175419.25;159505.5;11726.25;15.23;88.0;7.75;977.53;7.5;10.9;0;45.38;15.25;13.98;17.0;2.5
2024-10-09;172173.25;135676.5;12783.0;12.92;88.75;8.5;969.3;5.75;1.3;0;77.55;13.28;11.75;23.0;1.0
2024-10-10;168625.0;129089.5;11418.75;16.27;73.0;8.5;972.72;7.5;5.7;0;96.1;13.2;13.18;20.0;4.25
2024-10-11;164709.0;138859.5;10238.0;11.65;82.0;8.75;987.2;5.25;0.5;0;104.74;11.18;10.0;15.0;2.0
2024-10-12;136129.25;101770.75;12259.25;8.72;92.25;5.5;986.88;6.0;1.8;0;78.33;10.55;8.02;20.0;1.5
2024-10-13;126292.75;87647.5;23781.5;13.95;81.25;8.75;989.15;7.5;0.6;0;27.53;13.05;12.12;15.0;2.25
2024-10-14;167998.5;148653.5;6481.5;13.7;84.25;7.5;990.05;6.5;0.0;0;76.09;13.15;11.98;21.0;1.5
2024-10-15;171824.5;155756.0;7849.75;12.72;96.0;6.25;990.62;7.0;3.1;0;36.39;14.15;12.35;30.0;1.5
2024-10-16;173620.75;147287.5;16474.75;12.6;98.25;4.5;986.28;8.0;0.2;0;45.32;14.4;12.45;24.0;1.5
2024-10-17;166651.5;138824.25;10367.75;15.82;91.5;7.0;985.7;8.0;0.0;0;112.81;16.38;14.82;21.0;1.5
2024-10-18;164575.75;152838.25;2729.75;15.75;89.75;6.5;985.88;7.75;0.0;0;54.68;15.95;14.62;26.0;1.5
2024-10-19;134246.25;119637.25;5566.75;13.3;88.0;8.5;989.92;5.75;0.0;0;57.07;13.35;12.08;19.0;1.25
2024-10-20;124654.0;109399.25;15088.0;11.62;92.25;7.5;994.72;5.5;0.0;0;103.73;12.62;10.82;19.0;1.0
2024-10-21;163899.25;135751.0;10591.25;13.02;85.0;8.25;997.28;6.0;0.0;0;124.59;12.28;11.2;24.0;1.0
2024-10-22;172517.75;153920.5;10165.75;15.78;86.5;8.25;999.68;8.0;2.3;0;17.61;15.45;14.32;23.0;1.5
2024-10-23;172738.25;149793.0;7011.0;11.85;88.75;8.0;1003.65;8.0;0.0;0;61.26;12.35;10.82;24.0;1.5
2024-10-24;170441.0;157843.75;5332.75;12.55;88.25;7.75;997.85;6.0;1.5;0;103.99;12.7;11.3;27.0;1.25
2024-10-25;162123.5;137422.75;7296.5;14.32;89.0;7.5;992.38;6.0;0.0;0;118.65;14.32;13.08;16.0;1.0
2024-10-26;132486.0;111327.0;5188.25;10.48;95.5;4.25;990.08;7.75;0.0;0;25.61;12.15;10.07;23.0;1.25
2024-10-27;121959.5;102778.0;14690.25;13.4;88.25;7.25;993.25;7.0;0.0;0;99.72;13.42;12.18;22.0;1.0
2024-10-28;162701.75;138438.0;11217.75;12.9;86.75;8.0;998.1;0.0;0.0;0;122.69;12.62;11.32;18.0;1.0
2024-10-29;166441.0;143438.0;5471.5;12.28;88.25;5.75;998.4;0.0;0.0;0;119.17;12.45;10.98;29.0;1.0
2024-10-30;167372.25;150708.0;6967.0;10.2;99.5;2.75;998.88;8.0;0.3;0;29.78;12.4;10.15;28.0;1.25
2024-10-31;164168.75;158021.75;4158.75;10.15;93.75;7.5;999.52;7.75;0.0;0;24.18;11.65;9.65;22.0;1.0
2024-11-01;127971.0;111837.0;14031.5;9.82;90.75;7.5;997.3;5.0;0.1;0;102.77;11.0;9.0;19.0;1.5
2024-11-02;131849.5;122936.25;4313.5;9.02;92.0;6.0;999.4;8.0;0.1;0;21.27;10.58;8.32;26.0;1.5
2024-11-03;127317.5;114212.25;9602.75;9.05;81.0;7.75;1000.52;4.0;0.0;0;112.12;9.25;7.4;19.0;1.0
2024-11-04;170399.25;150666.5;2531.5;5.7;95.5;7.5;999.08;6.25;0.0;0;24.3;8.75;5.35;18.0;1.0
2024-11-05;175623.5;156596.5;5031.0;7.42;91.25;5.25;996.72;7.0;0.0;0;88.1;9.35;6.68;23.0;1.0
2024-11-06;177701.75;167081.0;2856.0;8.2;95.75;6.5;1000.02;5.75;0.1;0;30.69;10.42;7.8;28.0;1.0
2024-11-07;177940.25;173759.75;5982.0;6.82;100.0;3.25;1001.82;7.75;0.1;0;12.99;9.93;6.82;30.0;1.5
2024-11-08;173790.5;167216.75;4577.5;8.48;92.5;6.25;998.15;8.0;0.0;0;32.89;10.22;7.88;23.0;1.0
2024-11-09;141621.75;129433.5;4316.25;8.38;93.25;6.75;997.2;8.0;0.0;0;48.4;10.28;7.82;24.0;1.25
2024-11-10;134580.0;127197.0;3444.0;7.22;96.0;5.5;998.82;8.0;0.0;0;15.26;9.8;6.9;24.0;1.75
2024-11-11;180049.25;173405.75;5189.75;5.6;97.0;6.25;1000.88;8.0;8.5;0;15.58;8.88;5.4;28.0;1.5
2024-11-12;185848.25;176078.25;7752.75;6.6;91.0;6.25;997.68;8.0;0.0;0;27.81;8.85;5.92;20.0;1.75
2024-11-13;190554.5;186822.75;6737.5;4.65;83.25;7.75;1000.85;8.0;0.0;0;22.03;7.1;3.45;31.0;2.25
2024-11-14;186048.75;178280.5;7891.75;4.05;84.0;7.25;1000.3;5.75;0.0;0;49.35;6.8;2.88;11.0;1.0
2024-11-15;178150.5;170158.75;6323.0;6.35;87.75;7.5;998.42;6.25;0.0;0;64.42;8.43;5.43;24.0;1.0
2024-11-16;150794.75;133368.0;8572.5;2.3;98.25;3.5;993.75;6.25;0.0;0;63.03;7.1;2.2;13.0;1.0
2024-11-17;141530.0;114256.5;13981.75;6.18;85.0;7.0;989.1;7.75;0.1;0;49.26;8.05;5.03;18.0;2.5
2024-11-18;184024.25;152948.5;7395.5;8.0;74.5;9.0;987.35;7.5;0.7;0;51.01;7.95;5.95;19.0;3.75
2024-11-19;187982.75;150567.25;7799.75;10.9;73.25;8.75;977.48;8.0;16.0;0;10.83;9.55;8.48;20.0;4.25
2024-11-20;191960.75;156403.5;8878.5;5.28;75.25;8.5;976.55;7.0;0.0;0;74.95;6.72;3.45;18.0;2.25
2024-11-21;195451.5;174905.25;5720.5;2.28;72.5;8.25;974.45;7.75;7.8;0;27.16;5.12;0.42;20.0;2.75
2024-11-22;194519.75;164966.0;5943.0;-0.45;87.0;6.0;980.2;5.75;0.1;10;27.95;5.1;-1.25;21.0;3.0
2024-11-23;159844.5;133124.25;12867.0;4.38;68.5;8.5;993.72;6.0;0.0;2;61.63;5.7;2.15;16.0;2.75
2024-11-24;142860.5;112755.75;19850.25;9.2;68.5;8.5;990.95;7.75;0.2;0;36.11;8.07;6.55;16.0;1.75
2024-11-25;180612.25;149309.0;9965.0;11.7;66.0;8.25;984.82;7.5;8.4;0;48.67;8.62;7.98;19.0;1.75
2024-11-26;184017.75;162841.75;6675.5;11.18;77.75;8.0;992.65;6.75;0.0;0;23.75;10.38;9.18;17.0;3.0
2024-11-27;186163.5;156779.0;10174.0;9.25;74.75;8.0;993.6;6.0;5.2;0;69.5;8.4;6.82;26.0;2.0
2024-11-28;187373.5;161002.5;9166.5;8.12;83.0;7.75;996.45;7.75;6.9;0;31.59;9.07;6.78;16.0;2.5
2024-11-29;182223.75;158678.0;5857.5;-0.5;97.75;5.5;1002.5;4.0;0.0;0;43.85;5.78;-0.62;27.0;1.0
2024-11-30;154901.75;126514.75;11199.0;-0.9;99.25;1.5;1001.68;8.0;0.4;0;28.42;5.68;-0.95;28.0;1.25
2024-12-01;153970.75;138779.25;6569.0;-1.68;96.75;4.5;997.6;6.0;0.7;0;71.2;5.25;-1.82;21.0;1.0
2024-12-02;195833.5;181028.5;7779.5;7.18;86.75;7.75;990.98;8.0;8.8;0;12.83;8.8;6.0;20.0;2.0
2024-12-03;198116.75;180075.5;9668.5;7.82;81.5;8.25;991.8;7.75;3.4;0;50.8;8.68;6.38;23.0;2.5
2024-12-04;200871.0;192235.25;7375.5;4.85;92.5;7.0;997.1;7.25;0.0;0;31.67;8.02;4.35;31.0;1.5
2024-12-05;201471.0;179698.25;7777.5;1.33;87.5;7.5;996.82;5.5;8.0;0;44.62;5.9;0.47;13.0;1.5
2024-12-06;187616.5;147542.5;9925.5;8.22;70.0;8.25;988.42;6.5;0.0;0;38.7;7.52;5.72;23.0;2.75
2024-12-07;158681.5;135619.0;15292.0;8.18;73.5;8.25;981.68;8.0;6.1;0;9.29;8.05;6.05;17.0;3.25
2024-12-08;144606.5;129420.0;7016.0;6.1;76.5;8.5;977.2;6.0;0.5;0;27.33;7.18;4.32;15.0;3.25
2024-12-09;195443.0;178060.25;9982.25;4.5;86.75;7.75;986.72;7.75;0.5;0;14.81;7.3;3.6;30.0;2.25
2024-12-10;201700.0;188996.5;8706.75;4.55;74.0;8.5;993.1;8.0;0.0;0;7.83;6.25;2.72;18.0;2.0
2024-12-11;201899.5;197262.5;10714.25;4.65;72.75;8.25;997.8;8.0;0.0;0;19.35;6.2;2.75;12.0;1.5
2024-12-12;199711.0;196802.5;11108.75;1.75;91.0;6.75;1000.5;6.0;0.0;0;31.79;6.32;1.2;22.0;1.25
2024-12-13;193219.5;187298.75;8810.25;0.1;87.5;6.75;998.65;4.5;0.0;0;63.45;5.35;-0.68;26.0;1.25
2024-12-14;163694.5;148032.0;3668.0;2.22;89.5;7.0;994.62;7.5;0.2;0;17.75;6.5;1.52;25.0;2.0
2024-12-15;158766.5;130510.25;12512.0;4.38;81.25;8.25;1003.18;8.0;0.0;0;26.76;6.75;3.08;20.0;2.25
2024-12-16;196663.0;164253.0;10670.5;7.42;74.0;8.75;1008.22;4.0;0.0;0;65.95;7.6;5.38;23.0;2.75
2024-12-17;192992.75;179183.0;8268.25;2.82;96.5;4.75;1003.08;8.0;0.0;0;18.77;7.25;2.6;27.0;1.0
2024-12-18;183184.0;154385.5;11715.5;10.48;59.75;8.25;995.0;8.0;0.0;0;28.38;7.02;6.35;21.0;3.0
2024-12-19;178629.75;147052.75;17059.5;12.35;67.25;8.75;982.0;7.5;7.2;0;17.72;9.68;9.15;20.0;3.75
2024-12-20;170357.75;146819.25;10278.75;4.08;80.25;8.5;993.68;7.5;0.0;0;38.92;6.55;2.7;19.0;2.25
2024-12-21;147584.75;114845.5;19547.25;6.2;69.0;9.0;994.58;7.75;5.6;0;26.59;6.6;3.9;20.0;3.0
2024-12-22;138869.5;109184.5;12679.0;6.32;81.0;8.75;980.7;7.25;6.9;0;12.37;7.8;4.88;20.0;3.5
2024-12-23;153600.5;139028.75;11335.75;2.62;89.75;8.0;986.42;7.0;9.5;0;10.81;6.65;2.0;18.0;2.25
2024-12-24;137114.5;126732.5;8643.0;3.6;90.25;7.75;999.62;7.75;0.0;0;22.12;7.15;2.95;28.0;1.0
2024-12-25;130890.25;117227.75;10776.5;2.1;92.0;7.5;1006.08;5.75;0.0;0;50.86;6.52;1.55;25.0;1.25
2024-12-26;134422.75;103663.75;4562.25;-1.08;97.5;3.75;1005.85;6.0;0.0;0;20.56;5.52;-1.23;25.0;1.0
2024-12-27;151601.25;130121.0;4748.25;-1.45;97.25;1.75;1004.68;8.0;0.0;0;53.36;5.38;-1.6;22.0;0.75
2024-12-28;149025.0;136005.5;3231.0;-2.6;92.0;5.0;1002.32;4.0;0.0;0;65.91;4.7;-2.92;21.0;1.0
2024-12-29;142116.5;130749.0;3893.25;-2.2;98.75;2.75;1002.2;8.0;0.0;0;22.61;5.15;-2.28;22.0;1.0
2024-12-30;158911.25;153442.25;7647.75;-1.32;95.5;5.5;1003.85;7.5;0.0;0;15.29;5.28;-1.58;23.0;1.5
2024-12-31;151796.75;131579.25;7298.5;-1.45;92.5;6.0;1002.1;6.75;0.0;0;71.34;5.08;-1.85;13.0;1.0
2025-01-01;141695.75;99784.0;24022.25;4.6;61.75;7.5;997.02;5.5;0.0;0;57.46;4.9;1.5;17.0;2.5
2025-01-02;155082.0;133009.0;9724.0;6.78;65.75;7.5;988.15;8.0;16.8;0;5.17;6.2;3.85;16.0;3.0
2025-01-03;167101.25;148537.0;12438.0;0.9;87.75;7.25;994.02;6.0;0.0;1;35.65;5.75;0.2;23.0;1.5
2025-01-04;151605.0;136880.25;1471.0;-2.53;82.5;8.25;992.35;6.0;18.6;0;69.3;4.18;-3.38;26.0;1.25
2025-01-05;137940.5;112880.0;7803.25;8.98;80.5;8.25;978.0;7.75;0.1;0;12.31;9.38;7.2;19.0;3.0
2025-01-06;140991.25;101859.5;22200.75;11.28;63.75;8.5;970.6;6.0;4.3;0;32.13;8.3;7.7;17.0;3.75
2025-01-07;187638.0;149778.5;10468.5;6.98;70.0;8.5;978.95;7.25;1.8;0;32.73;7.0;4.62;21.0;3.75
2025-01-08;201533.5;187469.75;10905.75;5.48;88.75;7.0;977.35;7.75;8.4;0;8.73;8.0;4.62;22.0;1.5
2025-01-09;194232.0;155942.5;6218.25;9.95;70.75;8.0;976.52;7.25;4.0;0;23.59;8.62;7.22;23.0;4.5
2025-01-10;198441.25;171952.75;8119.75;2.05;76.5;8.75;991.75;6.0;0.0;0;58.43;5.43;0.55;17.0;2.0
2025-01-11;170795.5;154394.25;6065.75;-2.12;85.5;8.0;996.0;3.75;0.0;0;64.16;4.47;-2.85;16.0;0.75
2025-01-12;157915.25;138417.75;8999.25;-1.3;84.5;7.0;1006.65;4.25;0.0;0;28.07;4.68;-2.17;31.0;1.5
2025-01-13;210258.75;184942.0;4400.0;-3.8;82.0;8.0;1009.82;0.75;0.0;0;83.13;3.78;-4.58;26.0;1.5
2025-01-14;213834.75;186949.0;6801.0;-3.48;81.25;7.5;1006.6;3.5;0.0;0;80.21;3.8;-4.35;24.0;1.0
2025-01-15;209980.5;202572.75;6195.0;-1.08;88.25;6.75;1003.8;7.25;0.0;0;41.76;5.05;-1.65;25.0;1.25
2025-01-16;204487.75;187040.25;4842.5;-0.13;93.0;4.25;1004.78;5.5;0.0;0;74.31;5.65;-0.52;26.0;1.25
2025-01-17;205348.0;198147.0;5497.75;-0.62;92.0;6.75;1006.5;7.5;0.0;0;51.6;5.35;-1.08;32.0;1.25
2025-01-18;168966.25;153813.25;4335.25;-0.42;87.5;6.25;1001.38;5.5;0.0;0;83.68;5.1;-1.18;20.0;1.0
2025-01-19;161662.25;139115.75;8538.75;-1.9;96.25;4.5;994.12;6.0;0.0;0;15.96;5.12;-2.1;24.0;1.0
2025-01-20;207802.0;193345.0;5500.25;-1.72;92.0;4.75;991.5;6.75;0.0;0;79.12;4.95;-2.2;27.0;1.25
2025-01-21;213890.25;197709.5;7256.0;-2.08;98.75;2.25;989.95;8.0;0.0;0;42.58;5.18;-2.1;31.0;1.25
2025-01-22;212451.5;195422.0;7199.75;-0.62;98.0;4.75;982.25;8.0;4.1;0;23.52;5.78;-0.75;25.0;1.0
2025-01-23;204642.75;172393.0;8218.5;6.78;78.5;8.0;981.15;7.75;0.5;0;39.26;7.88;5.15;15.0;3.0
2025-01-24;199675.25;166315.5;17513.75;9.4;54.25;9.0;985.4;8.0;0.0;0;74.1;6.1;5.15;19.0;2.25
2025-01-25;155743.75;126102.0;8889.0;12.0;54.75;8.75;981.12;7.5;1.7;0;61.85;7.8;7.6;15.0;2.25
2025-01-26;145189.25;107335.0;7043.75;8.28;63.0;8.0;982.68;5.5;1.5;0;75.66;6.95;5.25;17.0;4.0
2025-01-27;194605.25;160340.25;18230.75;11.9;68.5;8.75;973.42;7.5;8.0;0;15.49;9.5;8.93;16.0;3.5
2025-01-28;197629.75;175064.5;9518.25;9.2;65.0;8.5;972.48;7.75;1.6;0;50.15;7.55;6.2;17.0;3.5
2025-01-29;196650.0;160758.0;15163.5;7.52;75.0;8.25;981.05;7.75;0.9;0;64.85;7.78;5.52;24.0;3.25
2025-01-30;195257.5;173230.25;7069.0;5.82;80.25;8.25;987.1;8.0;2.0;0;35.37;7.35;4.25;21.0;2.0
2025-01-31;193140.5;176948.75;8673.75;5.0;79.75;8.5;998.38;7.75;0.0;0;43.61;7.0;3.58;29.0;1.75
2025-02-01;157897.25;136685.75;8723.25;1.42;80.25;7.75;999.32;4.0;0.0;0;68.8;5.4;0.15;19.0;1.75
2025-02-02;153864.0;136779.5;9677.5;2.95;75.25;8.0;995.65;8.0;0.0;0;57.14;5.7;1.35;23.0;1.75
2025-02-03;200629.25;191467.5;1753.0;1.8;83.25;7.0;998.8;8.0;0.0;0;19.01;5.82;0.8;24.0;1.5
2025-02-04;209143.75;194375.0;5193.25;0.75;82.5;7.0;1001.38;4.75;0.0;0;80.9;5.32;-0.28;21.0;1.5
