Measurement_Date;Air_Temperature;Relative_Humidity;Visibility;Air_Pressure_at_Station_Height;Cloud_Cover;Daily_Precipitation_Height;Snow_Height_Daily_Value;Global_Radiation;Vapor_Pressure;Dew_Point_Temperature;Wind_Direction;Wind_Strength
2023-08-05;18.67;65.0;8.67;986.3;3.0;3.1;0;278.57;13.5;14.3;25.33;2.0
2023-08-06;14.33;81.0;8.33;985.8;7.67;10.1;0;71.56;13.2;12.43;22.67;3.0
2023-08-07;16.2;67.33;9.0;992.17;7.67;0.6;0;159.84;12.23;12.63;21.33;2.33
2023-08-08;18.27;59.33;9.0;990.3;7.67;0.2;0;193.56;12.0;13.23;26.67;1.67
2023-08-09;20.67;58.67;8.67;990.43;5.33;0.1;0;87.33;14.37;15.6;24.0;2.33
2023-08-10;21.7;62.0;8.67;992.3;1.67;0.0;0;294.94;15.73;16.67;29.33;2.0
2023-08-11;25.17;55.0;8.67;993.17;1.0;0.1;0;299.47;16.67;18.3;28.0;1.0
2023-08-12;22.4;79.67;8.67;990.87;8.0;1.7;0;144.91;21.57;19.83;25.33;1.67
2023-08-13;23.9;74.67;8.67;989.83;8.0;11.1;0;239.08;21.77;20.43;22.67;1.33
2023-08-14;25.77;69.33;8.33;987.33;6.0;0.5;0;210.63;22.57;21.33;28.0;2.33
2023-08-15;25.57;59.67;8.67;989.47;6.33;0.0;0;230.87;18.67;19.5;22.67;2.0
2023-08-16;25.1;69.0;8.33;989.57;5.0;0.0;0;266.08;21.63;20.7;30.67;1.67
2023-08-17;25.4;66.0;7.67;988.7;6.33;0.0;0;215.32;20.53;20.33;26.67;1.33
2023-08-18;26.33;56.0;8.67;987.17;4.33;0.0;0;272.47;18.43;19.57;22.67;1.0
2023-08-19;27.2;53.0;9.0;989.4;5.67;0.0;0;228.2;17.87;19.57;20.0;2.0
2023-08-20;26.9;66.33;8.0;992.7;1.67;0.0;0;264.8;23.17;21.9;24.0;1.67
2023-08-21;27.87;62.0;8.0;993.33;0.0;0.0;0;0.0;22.2;21.83;30.67;1.67
2023-08-22;27.57;61.0;8.67;991.57;1.67;0.0;0;267.3;21.73;21.5;22.67;1.67
2023-08-23;25.73;60.67;8.67;991.33;1.33;0.0;0;258.9;19.67;20.0;30.67;1.67
2023-08-24;26.3;63.0;8.0;986.93;8.0;36.7;0;229.08;20.8;20.67;25.33;1.67
2023-08-25;24.2;64.67;8.67;984.2;8.0;12.9;0;105.95;19.07;19.23;16.0;2.33
2023-08-26;19.13;82.67;8.0;986.3;8.0;2.7;0;48.87;18.37;17.17;20.0;2.0
2023-08-27;17.97;82.0;8.33;983.7;8.0;2.9;0;76.49;16.63;15.87;22.67;1.33
2023-08-28;14.37;90.67;7.67;983.47;7.67;7.5;0;51.87;14.9;13.53;30.67;1.67
2023-08-29;15.47;80.0;8.67;983.87;8.0;0.0;0;86.02;14.0;13.37;22.67;1.33
2023-08-30;17.17;67.33;8.33;982.3;5.0;2.7;0;180.11;12.77;13.27;14.67;1.33
2023-08-31;17.73;65.67;8.33;987.23;7.67;0.1;0;177.1;13.13;13.77;18.67;2.33
2023-09-01;21.77;62.0;9.0;988.17;5.0;0.0;0;212.92;16.17;16.93;21.33;2.67
2023-09-02;22.17;63.33;8.67;991.83;7.33;0.0;0;250.69;16.37;17.17;25.33;1.67
2023-09-03;20.97;76.67;8.67;997.27;7.67;0.0;0;206.45;19.0;18.07;24.0;1.67
2023-09-04;22.67;68.67;7.67;994.43;5.33;0.0;0;247.71;18.27;18.23;24.0;1.67
2023-09-05;22.0;64.67;8.67;991.4;0.0;0.0;0;249.15;16.53;17.13;30.67;1.33
2023-09-06;21.0;64.67;8.33;991.3;0.0;0.0;0;247.03;15.7;16.27;30.67;1.33
2023-09-07;22.33;67.67;8.33;990.57;0.0;0.0;0;238.44;17.97;17.93;29.33;1.33
2023-09-08;24.17;66.33;8.67;990.0;0.33;0.0;0;236.24;19.13;19.17;30.67;1.33
2023-09-09;24.3;65.67;8.0;989.53;0.67;0.0;0;232.05;19.23;19.27;21.33;1.0
2023-09-10;23.47;68.67;8.0;989.77;0.0;0.0;0;231.68;19.23;19.0;29.33;1.33
2023-09-11;23.2;66.0;8.0;986.43;5.33;0.0;0;224.84;17.97;18.27;21.33;1.0
2023-09-12;25.57;48.67;8.33;984.83;7.33;1.5;0;209.95;14.57;17.43;14.67;2.33
2023-09-13;19.77;81.67;8.33;990.13;8.0;1.2;0;0.0;18.77;17.63;26.67;1.67
2023-09-14;19.33;75.0;8.33;992.7;7.33;0.0;0;139.33;16.7;16.37;30.67;1.33
2023-09-15;18.67;72.67;8.0;988.83;5.33;0.0;0;0.0;15.43;15.3;21.33;1.0
2023-09-16;20.7;75.0;8.0;986.33;8.0;0.0;0;0.0;18.0;17.47;28.0;1.67
2023-09-17;22.43;68.33;8.0;985.83;4.67;7.5;0;197.81;17.73;17.9;12.0;1.33
2023-09-18;20.93;69.33;8.67;983.83;8.0;11.2;0;0.0;16.97;17.1;17.33;2.67
2023-09-19;19.93;59.0;9.0;988.7;6.0;0.0;0;0.0;13.47;14.83;20.0;2.67
2023-09-20;18.7;69.0;8.67;984.03;2.0;0.0;0;0.0;14.07;14.57;20.0;1.33
2023-09-21;20.6;70.0;9.0;975.33;7.67;7.4;0;133.09;16.43;16.63;24.0;2.67
2023-09-22;16.63;68.67;8.67;979.17;5.67;2.4;0;121.9;12.93;13.17;17.33;3.33
2023-09-23;13.4;72.33;9.0;990.63;4.33;0.3;0;147.04;10.87;10.5;24.0;1.33
2023-09-24;13.83;69.0;8.67;996.93;0.0;0.0;0;207.13;10.47;10.3;22.67;1.67
2023-09-25;13.57;72.0;8.67;995.03;4.67;0.0;0;207.8;10.83;10.43;20.0;1.33
2023-09-26;15.03;76.67;8.0;993.53;0.0;0.0;0;202.98;12.67;12.2;22.67;1.0
2023-09-27;16.47;70.33;8.0;991.97;1.67;0.0;0;195.23;12.5;12.67;25.33;1.33
2023-09-28;19.0;65.0;8.33;990.9;7.67;0.0;0;172.85;13.6;14.47;21.33;1.33
2023-09-29;20.03;68.0;8.0;993.47;5.67;0.0;0;160.71;15.4;15.77;-660.67;-665.67
2023-09-30;16.47;75.0;8.0;998.0;4.33;0.0;0;0.0;13.7;13.57;-999.0;-999.0
2023-10-01;16.57;74.0;7.33;997.4;2.67;0.0;0;0.0;13.6;13.33;-999.0;-999.0
2023-10-02;18.73;69.0;7.67;993.77;4.33;0.0;0;0.0;14.23;14.57;-319.67;-332.33
2023-10-03;21.03;60.33;8.33;993.73;5.0;3.7;0;0.0;14.63;15.83;17.33;3.33
2023-10-04;13.63;77.33;7.0;1000.6;5.0;0.0;0;0.0;11.77;11.2;29.33;1.33
2023-10-05;12.17;78.33;8.33;999.07;7.33;0.0;0;0.0;10.9;9.97;32.0;1.33
2023-10-06;12.2;76.67;8.0;998.47;4.33;0.0;0;0.0;10.67;9.67;18.67;1.0
2023-10-07;14.3;65.0;8.33;998.67;2.67;0.0;0;0.0;9.93;10.2;9.33;1.0
2023-10-08;16.1;65.67;8.0;998.13;5.33;0.0;0;0.0;11.03;11.67;24.0;1.0
2023-10-09;17.83;68.67;8.0;994.97;8.0;0.0;0;0.0;13.47;13.77;20.0;1.67
2023-10-10;17.33;71.0;7.67;993.83;7.67;0.0;0;0.0;13.27;13.53;10.67;1.0
2023-10-11;19.5;58.33;8.0;991.53;0.0;0.0;0;0.0;12.2;13.63;14.67;2.33
2023-10-12;-316.17;-311.0;-327.33;327.3;-327.67;0.0;0;0.0;-325.87;-322.87;-319.67;-330.67
2023-10-13;21.13;49.0;8.0;986.13;0.0;0.0;0;0.0;10.97;13.73;21.33;2.33
2023-10-14;15.17;78.67;7.33;988.07;7.67;7.4;0;0.0;13.63;12.93;25.33;2.33
2023-10-15;9.7;71.33;9.0;993.87;5.67;0.0;0;0.0;8.4;7.1;24.0;1.67
2023-10-16;7.5;73.0;8.33;991.0;5.33;0.0;0;0.0;7.37;5.1;18.67;1.67
2023-10-17;7.63;76.0;8.0;987.47;5.67;0.0;0;0.0;7.77;5.47;29.33;1.33
2023-10-18;8.13;91.33;6.0;978.37;7.67;2.1;0;0.0;9.97;7.43;26.67;1.0
2023-10-19;14.97;90.0;7.33;968.0;7.67;5.8;0;0.0;15.33;13.93;18.67;1.33
2023-10-20;13.7;95.0;8.0;950.6;8.0;5.0;0;0.0;14.9;13.2;20.0;1.0
2023-10-21;-999.0;-999.0;-999.0;-999.0;-999.0;0.0;-999;0.0;-999.0;-999.0;-999.0;-999.0
2023-10-22;-323.23;-293.67;-327.33;323.8;-999.0;0.0;-999;0.0;-326.47;-326.1;-321.0;-331.33
2023-10-23;8.77;91.0;6.67;982.63;-999.0;1.8;0;0.0;10.33;8.03;21.33;1.33
2023-10-24;12.5;92.33;8.0;978.57;-328.0;13.0;0;0.0;13.37;11.77;14.67;2.0
2023-10-25;12.97;79.0;8.0;972.6;-999.0;10.9;0;0.0;11.63;10.77;17.33;3.33
2023-10-26;13.87;83.67;7.33;970.43;-999.0;13.6;0;0.0;13.2;12.2;17.33;3.0
2023-10-27;12.6;77.67;8.67;971.13;-663.33;4.5;0;0.0;11.33;10.47;18.67;2.67
2023-10-28;14.0;61.67;8.67;975.77;7.67;0.0;0;0.0;9.87;10.1;17.33;2.33
2023-10-29;16.13;62.0;8.67;974.13;8.0;0.0;0;0.0;10.97;11.73;22.67;1.67
2023-10-30;13.1;87.33;8.0;974.8;-328.67;10.5;0;0.0;13.1;11.87;22.67;2.0
2023-10-31;12.53;73.67;8.67;980.73;7.33;0.5;0;0.0;10.73;10.07;20.0;3.33
2023-11-01;13.13;62.0;9.0;979.23;8.0;1.7;0;0.0;9.1;9.13;17.33;2.67
2023-11-02;10.83;77.67;8.33;963.27;7.33;4.4;0;0.0;10.07;8.83;21.33;3.33
2023-11-03;8.9;70.33;8.67;964.87;8.0;0.4;0;0.0;8.0;6.37;18.67;2.67
2023-11-04;11.57;58.0;9.0;960.3;8.0;1.8;0;0.0;7.9;7.57;16.0;4.0
2023-11-05;12.57;67.33;9.0;962.37;7.67;0.2;0;0.0;9.83;9.43;20.0;5.0
2023-11-06;11.77;69.33;9.0;981.63;7.67;1.7;0;0.0;9.6;8.93;17.33;3.67
2023-11-07;9.3;73.0;8.67;988.5;6.33;1.1;0;0.0;8.53;7.0;18.67;3.33
2023-11-08;9.6;69.0;9.0;990.3;5.33;0.0;0;0.0;8.27;6.93;17.33;2.33
2023-11-09;9.1;74.33;8.67;981.27;-999.0;4.5;0;0.0;8.7;6.93;17.33;2.67
2023-11-10;9.83;63.67;8.67;976.93;-999.0;1.2;0;0.0;7.67;6.63;20.0;4.33
2023-11-11;7.73;76.33;8.67;982.3;-999.0;2.2;0;0.0;8.03;5.83;18.67;3.0
2023-11-12;7.37;89.33;7.67;980.47;-999.0;12.5;0;0.0;9.33;6.5;24.0;2.33
2023-11-13;15.17;77.67;8.33;983.5;-663.67;23.1;0;0.0;13.43;12.87;18.67;4.0
2023-11-14;12.23;72.67;8.67;984.9;7.67;14.3;0;0.0;10.33;9.67;20.0;3.67
2023-11-15;11.2;73.33;8.33;993.03;5.0;1.0;0;0.0;9.8;8.8;20.0;3.33
2023-11-16;9.23;84.67;7.67;983.5;7.33;20.3;0;0.0;9.97;7.9;26.67;2.33
2023-11-17;7.1;89.0;8.0;993.8;8.0;9.3;0;0.0;8.97;6.27;20.0;2.0
2023-11-18;6.67;82.67;8.0;996.0;8.0;7.7;0;0.0;7.97;5.2;20.0;1.33
2023-11-19;13.9;79.67;9.0;989.57;5.0;0.0;0;0.0;12.63;11.93;20.0;4.0
2023-11-20;11.47;70.0;8.0;987.2;7.67;1.9;0;0.0;9.4;8.7;18.67;3.67
2023-11-21;8.33;94.0;7.33;986.9;7.33;4.2;0;0.0;10.33;7.87;28.0;1.67
2023-11-22;3.57;82.33;8.33;998.3;7.67;0.0;0;0.0;6.57;2.47;32.0;2.67
2023-11-23;3.27;79.67;8.0;998.93;0.67;0.0;0;0.0;6.03;1.8;18.67;1.33
2023-11-24;6.9;81.33;7.0;985.6;8.0;2.2;0;0.0;8.07;5.4;24.0;3.0
2023-11-25;4.4;74.33;8.0;986.93;7.33;2.5;0;0.0;6.17;2.6;16.0;2.33
2023-11-26;3.77;83.0;8.33;990.2;8.0;0.0;0;0.0;6.63;2.6;18.67;2.0
2023-11-27;3.1;84.0;8.0;977.57;7.33;7.4;0;0.0;6.37;2.0;20.0;2.67
2023-11-28;3.83;86.0;8.0;975.0;7.33;0.5;0;0.0;7.0;2.97;26.67;1.67
2023-11-29;2.57;67.33;9.0;979.57;7.0;0.0;0;0.0;4.9;0.43;18.67;3.33
2023-11-30;1.0;90.5;7.0;972.65;6.0;14.5;0;0.0;5.95;0.45;30.0;1.0
2023-12-01;1.2;97.0;5.5;973.8;8.0;3.0;-999;0.0;6.45;1.0;30.0;1.0
2023-12-02;-1.43;89.0;6.33;983.83;7.67;1.3;0;0.0;4.87;-2.03;32.0;1.67
2023-12-03;-2.07;78.67;7.67;994.93;2.33;0.0;1;0.0;4.07;-3.23;10.67;1.0
2023-12-04;-1.1;94.33;6.0;982.3;7.0;1.2;1;0.0;5.33;-1.4;26.67;1.0
2023-12-05;6.93;72.0;8.67;980.83;7.33;4.7;0;0.0;7.13;4.73;18.67;4.0
2023-12-06;5.17;83.67;8.67;988.43;8.0;0.9;0;0.0;7.4;4.03;18.67;2.67
2023-12-07;-0.07;90.67;6.67;990.17;5.33;2.5;0;0.0;5.5;-0.67;17.33;1.33
2023-12-08;6.97;89.0;7.67;983.57;7.67;1.8;0;0.0;8.93;6.13;20.0;1.67
2023-12-09;10.3;72.33;9.0;981.07;8.0;5.1;0;0.0;9.03;7.8;17.33;3.0
2023-12-10;9.93;67.0;8.0;986.57;5.0;0.0;0;0.0;8.17;7.03;20.0;3.0
2023-12-11;12.0;78.33;9.0;982.03;8.0;0.6;0;0.0;11.03;10.0;20.0;3.67
2023-12-12;12.9;79.67;9.0;979.27;8.0;21.1;0;0.0;11.87;10.97;18.67;3.67
2023-12-13;9.67;79.0;8.33;973.77;8.0;9.6;0;0.0;9.47;7.83;20.0;3.67
2023-12-14;7.3;92.67;7.67;989.97;8.0;5.7;0;0.0;9.47;6.7;18.67;1.33
2023-12-15;6.2;83.67;8.0;1007.83;7.67;0.0;0;0.0;7.83;4.93;22.67;1.0
2023-12-16;4.2;86.0;8.33;1013.07;3.67;0.0;0;0.0;7.1;3.2;22.67;1.33
2023-12-17;0.2;99.0;4.67;1010.67;6.0;0.0;0;0.0;6.17;0.17;21.33;1.0
2023-12-18;1.57;86.67;7.33;1005.93;0.0;0.0;0;0.0;5.9;0.63;28.0;1.0
2023-12-19;4.17;69.67;8.67;997.87;7.33;6.0;0;0.0;5.57;1.8;21.33;2.0
2023-12-20;6.63;73.67;9.0;993.4;5.0;0.1;0;0.0;7.23;4.63;22.67;3.33
2023-12-21;9.07;77.67;9.0;982.67;8.0;3.9;0;0.0;9.03;7.23;20.0;4.67
2023-12-22;8.43;89.0;8.0;984.1;7.67;4.6;0;0.0;9.83;7.53;20.0;3.33
2023-12-23;8.47;76.33;9.0;990.73;8.0;0.0;0;0.0;8.43;6.57;20.0;4.33
2023-12-24;10.83;65.33;9.0;989.9;8.0;0.0;0;0.0;8.43;7.7;18.67;5.0
2023-12-25;10.03;62.67;9.0;990.17;7.33;0.0;0;0.0;7.73;6.8;17.33;4.33
2023-12-26;9.4;68.0;8.67;992.87;8.0;0.0;0;0.0;8.0;6.67;20.0;3.67
2023-12-27;6.0;79.0;8.33;991.7;7.67;0.0;0;0.0;7.17;4.23;14.67;1.0
2023-12-28;10.83;61.67;8.67;992.47;8.0;2.1;0;0.0;7.97;7.33;16.0;3.67
2023-12-29;11.47;71.33;9.0;990.13;7.67;0.0;0;0.0;9.67;8.87;20.0;3.67
2023-12-30;10.2;69.67;9.0;989.67;7.67;0.0;0;0.0;8.7;7.53;17.33;3.33
2023-12-31;6.83;78.33;8.33;980.73;7.67;1.3;0;0.0;7.7;5.13;16.0;3.0
2024-01-01;8.0;69.33;8.67;986.0;7.33;0.1;0;0.0;7.47;5.53;20.0;3.67
2024-01-02;11.43;64.67;9.0;976.93;8.0;0.6;0;0.0;8.8;8.2;20.0;5.0
2024-01-03;10.43;76.33;8.67;976.13;7.67;3.3;0;0.0;9.6;8.3;20.0;4.33
2024-01-04;9.2;73.33;8.0;982.0;7.33;0.0;0;0.0;8.57;6.97;18.67;3.67
2024-01-05;8.53;75.67;8.67;976.57;8.0;0.8;0;0.0;8.47;6.6;20.0;2.0
2024-01-06;5.43;83.67;8.67;981.3;8.0;2.8;0;0.0;7.53;4.23;21.33;1.0
2024-01-07;3.07;93.0;7.33;986.23;7.0;1.3;0;0.0;7.1;2.6;32.0;3.0
2024-01-08;-0.73;65.0;8.67;993.23;8.0;0.0;0;0.0;3.77;-2.67;22.67;2.33
2024-01-09;-1.83;66.67;8.0;996.1;8.0;1.9;0;0.0;3.53;-3.6;20.0;1.67
2024-01-10;-2.6;83.0;6.67;997.3;3.33;0.0;2;0.0;4.17;-3.5;29.33;1.33
2024-01-11;-5.17;87.33;6.0;999.8;1.33;0.0;1;0.0;3.6;-5.6;24.0;1.33
2024-01-12;-6.27;90.0;5.33;1002.17;2.67;0.2;1;0.0;3.5;-6.5;20.0;1.0
2024-01-13;-3.93;90.67;6.0;997.1;7.67;0.0;1;0.0;4.13;-4.37;18.67;1.33
2024-01-14;-4.83;86.67;6.0;984.97;5.0;0.0;1;0.0;3.7;-5.27;20.0;1.0
2024-01-15;0.6;79.33;7.0;980.77;7.33;0.1;1;0.0;5.07;-0.63;21.33;2.33
2024-01-16;-3.57;74.0;8.0;982.6;5.33;1.7;1;0.0;3.4;-4.87;25.33;1.0
2024-01-17;5.2;87.67;7.33;965.03;7.0;5.3;0;0.0;8.07;4.2;22.67;2.33
2024-01-18;4.37;87.67;7.0;969.93;7.33;7.9;0;0.0;7.4;3.33;28.0;3.0
2024-01-19;-1.1;83.67;7.67;993.53;4.0;0.0;1;0.0;4.7;-2.03;20.0;0.67
2024-01-20;-5.83;91.0;5.67;1002.0;5.0;0.0;0;0.0;3.63;-6.1;28.0;1.33
2024-01-21;1.33;63.0;8.0;1001.1;7.33;0.0;0;0.0;4.03;-1.2;16.0;2.0
2024-01-22;9.1;69.0;8.33;994.27;7.67;6.9;0;0.0;8.13;6.53;20.0;3.67
2024-01-23;8.4;77.67;7.67;1003.4;7.0;0.6;0;0.0;8.53;6.6;18.67;3.33
2024-01-24;12.97;79.67;8.67;1001.73;7.67;5.4;0;0.0;11.87;11.03;20.0;3.67
2024-01-25;9.37;94.33;7.33;1002.73;7.67;1.0;0;0.0;11.13;8.9;16.0;1.0
2024-01-26;10.8;82.0;8.67;1001.83;8.0;2.6;0;0.0;10.6;9.2;20.0;2.67
2024-01-27;2.8;84.67;7.0;1007.43;2.67;0.0;0;0.0;6.27;1.7;16.0;1.0
2024-01-28;3.57;83.67;8.0;1002.8;5.33;0.0;0;0.0;6.53;2.33;20.0;1.0
2024-01-29;6.43;69.0;8.0;1002.17;8.0;0.0;0;0.0;6.5;3.7;9.33;1.33
2024-01-30;10.43;55.67;8.67;1003.7;7.67;0.0;0;0.0;7.03;6.43;18.67;2.67
2024-01-31;7.43;80.33;8.33;1005.23;5.33;0.0;0;0.0;8.17;5.7;14.67;1.33
2024-02-01;9.63;84.0;7.67;1003.3;7.67;4.4;0;0.0;10.03;8.27;21.33;2.67
2024-02-02;7.73;82.0;6.67;1005.5;7.67;0.0;0;0.0;8.57;6.2;24.0;2.67
2024-02-03;5.1;83.67;8.0;1003.33;5.33;0.0;0;0.0;7.43;3.93;24.0;2.0
2024-02-04;7.57;78.33;9.0;1001.93;7.67;0.0;0;0.0;8.1;5.83;20.0;3.33
2024-02-05;6.83;78.33;8.67;998.97;4.33;0.0;0;0.0;7.73;5.17;21.33;2.33
2024-02-06;7.2;73.33;8.67;994.3;7.33;0.0;0;0.0;7.4;5.1;18.67;3.67
2024-02-07;10.3;67.0;8.67;983.97;7.67;2.4;0;0.0;8.43;7.37;20.0;4.33
2024-02-08;11.4;76.33;8.33;975.2;8.0;4.2;0;0.0;10.33;9.27;18.67;3.0
2024-02-09;12.47;73.0;8.33;964.9;8.0;1.7;0;0.0;10.4;9.77;22.67;2.67
2024-02-10;9.1;95.67;7.67;959.07;7.67;2.6;0;0.0;11.03;8.7;29.33;1.33
2024-02-11;8.67;73.33;8.67;968.97;7.33;0.5;0;0.0;8.27;6.47;18.67;3.67
2024-02-12;8.33;74.33;8.67;979.53;8.0;0.0;0;0.0;8.13;6.23;24.0;2.0
2024-02-13;6.5;72.0;8.67;992.57;7.0;0.0;0;0.0;6.73;4.1;14.67;1.67
2024-02-14;12.9;62.0;8.67;995.03;7.67;0.0;0;0.0;9.33;9.23;18.67;3.67
2024-02-15;9.67;82.33;6.33;990.5;8.0;0.0;0;0.0;9.8;8.0;24.0;1.0
2024-02-16;13.27;68.33;9.0;990.67;8.0;2.4;0;0.0;10.47;10.2;18.67;2.67
2024-02-17;10.5;87.0;7.67;1003.1;7.67;0.4;0;0.0;11.1;9.4;24.0;1.33
2024-02-18;8.33;82.0;7.33;1002.6;8.0;9.7;0;0.0;8.93;6.8;13.33;1.67
2024-02-19;10.43;80.0;8.33;1001.6;7.0;3.8;0;0.0;10.07;8.67;18.67;2.0
2024-02-20;8.57;74.67;7.67;1002.1;7.67;0.0;0;0.0;8.2;6.4;20.0;1.33
2024-02-21;8.23;70.0;8.67;991.6;7.67;2.1;0;0.0;7.4;5.53;21.33;2.0
2024-02-22;13.4;62.67;9.0;971.17;8.0;4.3;0;0.0;9.6;9.67;18.67;5.0
2024-02-23;7.53;62.0;8.67;971.23;4.33;1.4;0;0.0;6.4;4.43;20.0;3.0
2024-02-24;6.43;67.67;8.0;976.77;5.33;0.3;0;0.0;6.5;3.93;18.67;3.33
2024-02-25;9.2;51.33;8.67;975.63;5.67;3.8;0;0.0;5.83;4.87;17.33;3.33
2024-02-26;10.07;75.0;9.0;971.3;7.67;0.1;0;0.0;9.27;7.9;24.0;2.0
2024-02-27;8.53;78.67;8.0;983.17;8.0;0.0;0;0.0;8.73;6.77;32.0;2.33
2024-02-28;7.27;78.0;7.67;992.53;6.67;0.0;0;0.0;7.9;5.53;30.67;2.0
2024-02-29;6.17;78.33;7.33;985.23;5.33;0.0;0;0.0;7.33;4.37;17.33;1.0
2024-03-01;8.97;69.67;8.67;979.87;8.0;0.0;0;0.0;8.0;6.4;20.0;2.67
2024-03-02;9.27;62.33;8.33;974.77;5.67;0.0;0;0.0;6.97;5.63;21.33;1.33
2024-03-03;8.03;83.0;7.67;970.9;8.0;0.0;0;0.0;8.87;6.63;25.33;1.0
2024-03-04;7.43;82.33;8.0;983.43;8.0;0.0;0;0.0;8.5;6.07;16.0;1.67
2024-03-05;8.53;74.33;8.67;987.63;7.67;2.9;0;0.0;8.27;6.4;24.0;3.0
2024-03-06;6.3;83.0;8.0;993.53;7.33;7.9;0;0.0;7.9;5.03;9.33;1.67
2024-03-07;6.43;79.67;5.33;990.27;7.0;0.0;0;0.0;7.57;4.8;18.67;1.67
2024-03-08;5.03;77.67;7.33;980.67;2.67;0.0;0;0.0;6.73;3.23;28.0;1.33
2024-03-09;8.27;75.0;7.0;972.7;5.33;0.0;0;0.0;8.13;6.07;18.67;1.33
2024-03-10;8.1;80.67;8.0;967.03;8.0;7.1;0;0.0;8.7;6.5;14.67;2.33
2024-03-11;9.3;70.33;9.0;978.7;4.67;1.8;0;0.0;8.1;6.63;18.67;2.0
2024-03-12;8.5;79.0;8.0;990.17;8.0;13.4;0;0.0;8.77;6.8;18.67;3.33
2024-03-13;10.93;84.67;8.0;990.37;8.0;5.4;0;0.0;11.03;9.57;16.0;2.33
2024-03-14;11.67;74.67;8.67;986.7;8.0;0.0;0;0.0;10.0;8.97;22.67;2.0
2024-03-15;14.33;64.33;9.0;987.53;7.33;8.4;0;0.0;10.5;10.7;18.67;3.67
2024-03-16;12.2;78.67;8.67;993.13;8.0;5.6;0;0.0;11.17;10.2;14.67;2.0
2024-03-17;10.0;88.33;8.0;993.63;8.0;1.9;0;0.0;10.87;8.93;16.0;1.33
2024-03-18;11.37;90.33;7.33;988.93;7.67;8.2;0;0.0;12.17;10.5;24.0;2.0
2024-03-19;12.13;78.33;6.67;990.87;7.0;0.0;0;0.0;10.93;9.9;25.33;1.33
2024-03-20;11.97;74.0;8.67;991.1;7.67;2.7;0;0.0;10.17;9.2;21.33;1.0
2024-03-21;15.4;63.0;8.33;995.57;6.0;0.2;0;0.0;10.77;11.33;24.0;2.67
2024-03-22;15.33;55.67;8.67;990.63;6.0;0.0;0;0.0;8.93;10.07;14.67;1.67
2024-03-23;8.8;75.0;8.67;985.93;8.0;3.3;0;0.0;8.67;6.8;21.33;3.0
2024-03-24;7.17;66.33;8.33;984.0;7.0;2.1;0;0.0;6.6;4.43;21.33;3.33
2024-03-25;8.73;54.67;8.33;977.2;2.67;0.0;0;0.0;5.6;4.37;10.67;2.0
2024-03-26;11.27;62.0;9.0;964.47;8.0;0.0;0;0.0;8.27;7.6;22.67;1.33
2024-03-27;6.53;81.67;7.67;962.47;7.67;0.8;0;0.0;7.93;5.17;20.0;2.67
2024-03-28;8.1;69.67;8.67;967.07;4.33;6.0;0;0.0;7.27;5.4;13.33;2.0
2024-03-29;12.03;73.33;8.33;970.17;7.67;0.9;0;0.0;10.37;9.5;22.67;1.67
2024-03-30;11.23;83.33;5.67;970.83;7.33;3.7;0;0.0;10.93;9.57;21.33;1.67
2024-03-31;11.0;85.0;6.67;969.37;8.0;5.2;0;0.0;11.07;9.57;18.67;1.33
2024-04-01;10.13;78.33;8.67;974.33;8.0;0.2;0;0.0;9.67;8.2;17.33;2.33
2024-04-02;11.3;60.33;8.67;986.17;6.33;0.0;0;0.0;7.93;7.53;20.0;3.67
2024-04-03;11.17;73.67;8.67;983.43;7.33;1.2;0;0.0;9.87;8.8;14.67;2.67
2024-04-04;14.2;72.67;7.67;987.37;7.33;1.3;0;0.0;11.8;11.5;21.33;2.33
2024-04-05;18.2;54.67;9.0;987.63;7.67;0.0;0;0.0;10.97;12.6;16.0;2.33
2024-04-06;20.4;45.67;8.67;987.8;6.0;0.0;0;0.0;9.93;12.73;13.33;1.67
2024-04-07;20.73;44.67;8.33;988.63;7.67;0.0;0;0.0;10.83;13.57;21.33;1.33
2024-04-08;20.83;43.67;8.0;982.13;6.33;0.0;0;0.0;10.67;13.47;17.33;1.67
2024-04-09;12.1;70.33;8.0;989.4;8.0;3.3;0;0.0;9.93;9.23;17.33;3.67
2024-04-10;10.03;62.0;8.33;1001.17;5.33;0.0;0;0.0;7.33;6.47;20.0;1.67
2024-04-11;11.57;59.33;8.33;1004.87;0.67;0.0;0;0.0;7.77;7.43;24.0;1.33
2024-04-12;14.63;58.67;8.0;1003.93;5.67;0.0;0;0.0;9.13;9.8;28.0;1.33
2024-04-13;18.5;53.0;9.0;998.8;7.67;0.0;0;0.0;10.57;12.43;20.0;1.0
2024-04-14;19.33;58.33;8.67;992.73;6.0;0.1;0;0.0;12.7;13.97;17.33;2.0
2024-04-15;16.03;64.0;8.33;983.87;8.0;14.0;0;0.0;11.37;11.93;22.67;3.0
2024-04-16;8.27;72.67;8.67;983.63;6.67;8.8;0;0.0;7.87;5.97;20.0;3.67
2024-04-17;7.1;76.67;8.33;983.57;7.0;14.7;0;0.0;7.67;5.27;20.0;2.0
2024-04-18;6.37;77.33;8.33;989.57;7.33;0.7;0;0.0;7.3;4.57;30.67;1.67
2024-04-19;7.1;78.67;7.33;988.03;7.33;11.0;0;0.0;7.93;5.43;20.0;3.33
2024-04-20;5.27;83.67;7.67;992.3;7.67;6.1;0;0.0;7.43;4.07;22.67;1.33
2024-04-21;5.27;81.33;8.67;991.13;7.33;4.9;0;0.0;7.2;3.9;21.33;1.67
2024-04-22;5.27;74.33;8.33;991.4;6.67;0.0;0;0.0;6.57;3.37;13.33;1.33
2024-04-23;6.03;68.67;7.67;987.9;8.0;0.0;0;0.0;6.2;3.4;30.67;2.0
2024-04-24;5.47;75.0;8.0;983.7;6.33;1.8;0;0.0;6.73;3.63;17.33;2.33
2024-04-25;7.43;61.67;8.67;980.77;7.67;1.2;0;0.0;6.2;4.27;13.33;1.33
2024-04-26;9.8;76.67;8.67;979.3;7.67;2.4;0;0.0;9.27;7.77;17.33;3.0
2024-04-27;15.67;56.67;9.0;978.97;7.33;0.0;0;0.0;9.07;10.2;24.0;2.0
2024-04-28;13.2;64.67;8.67;986.87;8.0;0.0;0;0.0;9.8;9.73;18.67;3.33
2024-04-29;14.73;70.33;8.0;992.0;8.0;0.0;0;0.0;11.7;11.6;28.0;1.67
2024-04-30;17.17;72.0;8.33;985.9;4.0;0.0;0;0.0;13.9;13.8;21.33;1.33
2024-05-01;20.37;53.0;8.0;974.93;6.0;0.0;0;0.0;12.03;13.93;22.67;1.67
2024-05-02;13.6;84.0;7.67;974.67;8.0;5.6;0;0.0;13.2;12.07;18.67;3.0
2024-05-03;12.8;71.67;9.0;987.4;8.0;0.0;0;0.0;10.6;10.07;24.0;2.33
2024-05-04;14.67;66.67;8.67;985.8;7.67;2.3;0;0.0;10.83;10.97;28.0;1.33
2024-05-05;16.5;76.0;8.67;983.57;7.33;9.2;0;0.0;14.23;13.87;18.67;2.67
2024-05-06;13.57;85.0;8.0;982.77;7.33;5.3;0;0.0;13.23;12.17;21.33;3.0
2024-05-07;13.87;79.33;8.33;988.17;8.0;0.3;0;0.0;12.57;11.8;30.67;1.67
2024-05-08;14.07;68.0;8.67;995.53;4.67;0.0;0;0.0;10.6;10.67;32.0;2.67
2024-05-09;17.03;62.33;8.33;995.3;6.33;0.0;0;0.0;11.8;12.63;32.0;2.33
2024-05-10;18.13;55.0;8.67;992.27;1.0;0.0;0;0.0;11.23;12.67;26.67;2.33
2024-05-11;20.4;50.0;8.33;990.5;1.67;0.0;0;0.0;11.87;13.97;30.67;1.67
2024-05-12;21.87;49.67;8.33;987.13;6.33;0.3;0;0.0;12.77;15.07;24.0;1.33
2024-05-13;20.37;60.67;8.67;984.27;4.33;0.0;0;0.0;14.27;15.4;18.67;1.0
2024-05-14;20.4;59.67;9.0;978.17;5.33;2.3;0;0.0;13.97;15.2;24.0;1.33
2024-05-15;15.77;85.0;7.0;978.2;8.0;8.0;0;0.0;15.13;14.13;28.0;2.0
2024-05-16;14.77;77.33;8.0;978.53;7.67;41.1;0;0.0;12.8;12.33;20.0;1.67
2024-05-17;13.43;87.0;7.67;981.6;7.67;8.3;0;0.0;13.5;12.2;20.0;2.0
2024-05-18;15.77;74.0;8.33;984.3;4.33;6.5;0;0.0;12.73;12.73;30.67;1.67
2024-05-19;17.43;65.67;9.0;984.03;4.33;0.0;0;0.0;12.93;13.47;22.67;2.0
2024-05-20;19.03;65.0;9.0;981.37;3.0;15.3;0;0.0;14.23;14.77;30.67;1.67
2024-05-21;16.17;80.33;8.0;980.43;7.33;5.2;0;0.0;14.6;14.03;16.0;2.0
2024-05-22;17.27;66.0;8.67;984.97;5.33;0.1;0;0.0;12.93;13.43;24.0;3.0
2024-05-23;14.33;80.67;8.33;989.0;7.33;0.5;0;0.0;13.23;12.43;20.0;1.33
2024-05-24;15.53;76.33;8.33;989.93;6.33;8.1;0;0.0;13.33;13.0;25.33;2.0
2024-05-25;16.87;70.33;8.67;989.7;7.67;0.5;0;0.0;13.33;13.47;17.33;2.0
2024-05-26;18.77;63.0;8.0;989.97;6.67;2.6;0;0.0;13.33;14.2;20.0;2.0
2024-05-27;18.33;70.67;8.67;989.93;8.0;0.0;0;0.0;14.57;14.87;22.67;1.67
2024-05-28;17.63;51.33;9.0;992.2;2.0;0.0;0;0.0;10.03;11.8;22.67;2.0
2024-05-29;15.73;76.0;8.0;987.4;7.67;5.9;0;0.0;13.63;13.23;17.33;2.67
2024-05-30;16.17;81.67;8.67;979.53;7.67;12.3;0;0.0;15.0;14.23;16.0;2.33
2024-05-31;13.2;86.0;8.33;983.6;8.0;16.3;0;68.47;13.0;11.83;13.33;1.67
2024-06-01;14.63;88.0;7.33;988.77;8.0;7.0;0;106.3;14.6;13.4;21.33;1.33
2024-06-02;15.8;91.33;7.67;990.57;7.67;23.5;0;109.22;16.43;14.9;21.33;1.33
2024-06-03;15.57;78.0;7.67;990.63;6.67;0.0;0;100.25;13.7;13.23;30.67;2.0
2024-06-04;18.73;66.33;8.0;986.6;5.67;0.0;0;269.91;13.87;14.53;22.67;1.67
2024-06-05;21.07;60.67;8.0;986.2;7.33;0.0;0;302.84;14.93;16.07;25.33;3.33
2024-06-06;21.4;60.33;8.0;988.3;6.67;1.1;0;294.67;14.93;16.13;20.0;2.33
2024-06-07;21.37;59.67;8.33;989.7;5.33;0.0;0;339.23;14.73;16.03;26.67;1.67
2024-06-08;19.53;73.33;8.0;984.93;6.33;6.2;0;154.87;16.87;16.47;25.33;1.67
2024-06-09;18.53;76.33;8.0;980.57;6.67;1.8;0;141.8;16.23;15.8;26.67;1.67
2024-06-10;18.93;46.67;9.0;981.73;4.0;0.9;0;322.58;10.03;12.3;13.33;2.67
2024-06-11;14.83;55.67;8.67;988.0;6.67;0.0;0;298.27;9.2;10.03;30.67;2.33
2024-06-12;16.0;51.33;8.67;989.73;3.67;0.0;0;299.66;9.03;10.47;22.67;2.0
2024-06-13;17.77;49.67;9.0;989.47;2.67;0.0;0;334.38;9.63;11.57;29.33;1.33
2024-06-14;19.13;61.67;8.67;984.03;7.33;19.1;0;122.12;13.6;14.57;17.33;2.67
2024-06-15;18.3;57.33;9.0;983.43;6.33;0.0;0;296.86;11.8;13.2;20.0;4.0
2024-06-16;19.0;58.33;9.0;983.97;6.67;0.2;0;262.23;12.73;14.0;21.33;3.0
2024-06-17;19.67;72.33;8.33;987.2;7.67;0.9;0;165.72;16.67;16.5;21.33;2.0
2024-06-18;23.73;60.33;8.33;985.5;7.67;8.1;0;274.82;17.33;18.1;25.33;1.33
2024-06-19;23.03;72.33;8.67;986.97;3.33;0.0;0;285.85;19.97;19.27;22.67;1.67
2024-06-20;20.73;80.67;7.67;990.0;7.67;1.3;0;137.77;19.83;18.4;28.0;1.33
2024-06-21;22.0;64.33;8.33;986.73;7.0;1.9;0;144.12;16.9;17.4;18.67;3.0
2024-06-22;16.67;80.0;8.33;988.5;8.0;14.5;0;109.08;15.17;14.57;12.0;1.67
2024-06-23;18.97;72.33;9.0;990.47;7.67;0.0;0;186.17;15.7;15.7;22.67;1.67
2024-06-24;23.63;59.0;8.67;987.67;2.33;0.0;0;290.44;16.47;17.7;12.0;2.33
2024-06-25;24.83;59.33;8.33;983.5;0.33;0.0;0;348.24;18.23;18.97;21.33;2.0
2024-06-26;23.3;71.33;8.33;983.0;6.33;0.0;0;217.75;20.27;19.53;20.0;1.67
2024-06-27;27.07;58.67;8.33;983.57;2.0;4.8;0;291.67;20.7;20.9;20.0;2.0
2024-06-28;26.07;65.33;8.0;988.27;3.67;0.0;0;285.29;21.5;21.0;28.0;2.33
2024-06-29;25.03;74.33;8.33;983.47;7.67;7.8;0;213.1;23.5;21.47;28.0;1.67
2024-06-30;18.63;86.33;7.0;984.77;8.0;8.1;0;92.97;18.4;17.03;18.67;3.0
2024-07-01;19.43;70.0;8.0;987.9;6.33;7.1;0;206.44;15.63;15.8;17.33;2.67
2024-07-02;16.73;76.33;8.67;988.93;8.0;3.9;0;128.95;14.37;14.1;16.0;2.0
2024-07-03;15.3;89.33;7.67;984.63;8.0;14.0;0;82.17;15.53;14.2;24.0;1.67
2024-07-04;18.73;71.67;9.0;984.9;7.67;0.2;0;175.52;15.57;15.53;20.0;3.33
2024-07-05;21.97;54.33;9.0;986.13;6.67;0.0;0;304.56;14.1;15.93;21.33;2.67
2024-07-06;19.1;81.33;7.67;981.4;8.0;9.8;0;85.87;18.0;17.0;18.67;2.33
2024-07-07;19.0;64.0;8.67;987.23;6.67;0.0;0;269.23;13.47;14.43;26.67;1.33
2024-07-08;21.73;58.0;8.67;989.0;0.0;0.0;0;350.31;14.77;16.07;29.33;1.67
2024-07-09;26.7;58.33;8.33;986.63;5.0;0.4;0;334.74;19.97;20.37;29.33;1.0
2024-07-10;24.27;70.67;9.0;989.23;7.67;3.9;0;196.9;21.5;20.4;20.0;1.67
2024-07-11;24.53;68.67;8.33;989.2;3.67;0.5;0;273.97;20.93;20.23;29.33;2.0
2024-07-12;21.8;79.33;8.67;983.57;7.33;4.7;0;108.64;20.6;19.23;24.0;2.33
2024-07-13;19.9;63.0;8.67;986.23;4.33;0.0;0;285.64;14.33;15.27;24.0;2.0
2024-07-14;21.47;54.67;8.67;986.33;5.33;0.0;0;259.07;13.87;15.53;21.33;1.67
2024-07-15;23.67;67.33;8.67;983.47;7.67;7.9;0;233.07;19.57;19.2;17.33;1.0
2024-07-16;22.43;62.0;8.67;988.63;3.0;0.0;0;224.94;16.6;17.43;21.33;3.0
2024-07-17;22.03;60.0;8.33;993.0;0.33;0.0;0;333.11;15.4;16.7;25.33;2.0
2024-07-18;23.57;64.33;8.67;992.37;5.33;0.0;0;328.78;18.4;18.63;30.67;1.67
2024-07-19;25.9;61.0;8.33;989.63;3.67;0.0;0;323.33;20.07;20.23;28.0;1.67
2024-07-20;27.07;56.0;8.33;982.6;1.67;0.3;0;304.63;19.47;20.33;30.67;1.67
2024-07-21;24.87;65.0;8.67;982.43;5.33;0.6;0;230.71;20.23;20.03;17.33;2.33
2024-07-22;22.87;69.67;8.67;990.47;4.33;0.2;0;214.02;18.97;18.77;28.0;2.0
2024-07-23;22.7;62.0;9.0;992.23;7.33;3.5;0;233.69;17.07;17.77;18.67;3.0
2024-07-24;19.87;70.0;8.67;992.07;5.67;0.0;0;244.47;15.97;16.17;32.0;2.0
2024-07-25;22.2;61.67;8.33;986.83;3.0;0.0;0;316.31;16.17;17.07;30.67;1.0
2024-07-26;24.0;63.0;8.67;985.2;7.0;0.0;0;266.45;18.2;18.73;20.0;1.67
2024-07-27;23.7;74.67;8.33;986.6;8.0;16.3;0;213.5;21.43;20.17;26.67;1.67
2024-07-28;20.33;68.0;8.33;996.23;3.0;0.2;0;302.62;15.73;16.23;32.0;1.67
2024-07-29;22.83;65.0;8.67;993.17;0.0;0.0;0;323.19;17.83;18.03;32.0;1.67
2024-07-30;26.3;58.67;8.67;988.8;4.0;0.0;0;299.55;19.63;20.1;30.67;1.33
2024-07-31;24.43;71.67;8.0;986.77;4.67;4.4;0;240.28;21.73;20.5;28.0;2.67
2024-08-01;21.6;85.33;8.0;984.77;8.0;14.2;0;142.18;22.07;19.87;22.67;2.0
2024-08-02;22.63;78.33;7.0;984.97;4.67;11.6;0;196.32;21.03;19.7;28.0;1.33
2024-08-03;22.47;72.67;8.0;986.0;4.33;0.0;0;231.14;19.33;18.8;30.67;1.67
2024-08-04;22.4;67.0;8.33;988.27;7.67;0.0;0;187.47;18.03;18.17;21.33;1.33
2024-08-05;22.9;66.33;8.33;987.2;2.67;0.0;0;300.21;18.1;18.37;28.0;1.67
2024-08-06;24.2;64.0;8.33;984.53;4.33;8.1;0;308.32;19.0;19.1;30.67;1.33
2024-08-07;23.2;75.67;8.0;986.37;4.0;5.9;0;187.35;21.1;19.9;22.67;3.0
2024-08-08;22.07;66.67;8.67;989.9;2.67;0.0;0;244.36;17.4;17.67;29.33;2.0
2024-08-09;-318.0;-288.0;-663.33;991.07;-666.0;0.0;0;289.03;-320.97;-320.93;-655.33;-665.67
2024-08-10;-659.4;-639.0;-999.0;993.53;-666.0;0.0;0;303.12;-659.73;-660.1;-666.0;-666.0
2024-08-11;-658.87;-641.33;-663.0;990.97;-665.33;0.1;0;296.64;-659.7;-659.9;-660.67;-665.67
2024-08-12;28.53;64.0;8.0;985.33;4.67;0.4;0;565.16;24.37;22.9;20.0;1.67
2024-08-13;25.33;66.0;8.67;982.7;2.67;0.0;0;524.96;20.77;20.33;21.33;1.67
2024-08-14;-489.35;-459.0;-495.0;-7.1;-495.5;1.5;0;484.86;-489.8;-490.45;-483.5;-499.0
2024-08-15;-315.4;-296.33;-327.0;326.87;-332.33;0.0;0;578.34;-320.43;-319.77;-313.0;-331.67
2024-08-16;24.77;66.0;9.0;989.37;1.0;0.0;0;519.81;20.13;19.9;29.33;2.0
2024-08-17;23.73;64.0;9.0;985.8;3.67;2.1;0;516.45;18.33;18.7;29.33;1.33
2024-08-18;19.8;80.67;8.67;984.13;7.67;4.7;0;55.18;18.53;17.57;18.67;2.33
2024-08-19;20.1;74.0;6.0;989.3;5.0;0.0;0;216.31;17.03;16.8;32.0;2.33
2024-08-20;21.47;70.0;8.67;985.43;3.33;0.7;0;270.16;17.83;17.67;17.33;0.67
2024-08-21;19.07;65.0;9.0;991.3;7.67;0.0;0;200.94;14.2;14.9;30.67;1.67
2024-08-22;19.37;63.0;8.33;986.97;4.0;0.0;0;281.65;13.43;14.47;24.0;1.33
2024-08-23;22.7;54.33;8.67;986.27;5.33;0.0;0;266.44;14.13;16.03;18.67;2.33
2024-08-24;27.43;47.67;8.0;983.33;0.33;23.3;0;263.87;15.83;18.63;21.33;2.0
2024-08-25;18.63;68.67;9.0;994.67;3.67;0.0;0;222.57;14.4;14.87;28.0;2.0
2024-08-26;18.1;68.67;8.67;994.07;5.0;0.0;0;236.9;13.87;14.27;29.33;2.0
2024-08-27;20.53;67.67;8.67;991.13;0.0;0.0;0;269.74;16.27;16.43;21.33;1.33
2024-08-28;23.77;68.67;8.0;989.1;0.0;0.0;0;261.81;19.63;19.23;17.33;1.33
2024-08-29;25.53;64.0;8.0;989.8;0.0;0.0;0;245.47;20.2;20.13;26.67;1.33
2024-08-30;24.27;71.33;8.0;989.63;7.33;0.0;0;224.38;21.43;20.33;25.33;1.67
2024-08-31;23.47;81.0;7.67;990.0;6.67;0.0;0;221.04;23.17;20.87;30.67;1.33
2024-09-01;25.0;70.67;7.67;986.73;6.0;26.7;0;224.67;21.93;20.8;12.0;1.33
2024-09-02;21.77;81.33;7.67;986.03;5.33;0.0;0;168.71;21.1;19.4;21.33;1.0
2024-09-03;23.63;70.0;8.0;987.23;2.67;0.1;0;207.67;19.7;19.33;24.0;1.67
2024-09-04;21.17;83.33;7.0;986.83;8.0;7.9;0;128.65;20.83;19.1;16.0;1.0
2024-09-05;19.8;86.67;6.67;979.97;8.0;16.2;0;64.53;19.93;18.17;24.0;2.0
2024-09-06;19.73;74.33;9.0;983.9;4.67;0.0;0;231.1;17.07;16.67;18.67;1.0
2024-09-07;21.1;83.33;8.0;983.2;1.33;0.0;0;232.25;20.63;18.87;21.33;0.67
2024-09-08;19.33;83.33;8.33;983.43;7.67;1.6;0;54.29;18.63;17.37;17.33;1.67
2024-09-09;18.3;72.67;9.0;981.6;5.67;3.7;0;120.23;15.3;15.23;18.67;3.33
2024-09-10;16.77;73.67;8.67;987.73;8.0;0.2;0;125.65;14.0;13.87;20.0;3.33
2024-09-11;13.1;83.33;8.0;983.23;7.67;18.6;0;21.57;12.53;11.43;21.33;3.33
2024-09-12;10.77;76.67;8.33;986.9;6.33;1.3;0;146.15;9.73;8.6;17.33;2.0
2024-09-13;10.73;80.67;8.0;994.0;6.67;6.0;0;101.09;10.3;8.93;28.0;1.67
2024-09-14;11.33;76.0;8.67;1000.47;7.67;0.0;0;118.84;10.13;9.13;32.0;2.0
2024-09-15;11.37;70.0;9.0;997.57;2.33;0.0;0;220.45;8.97;8.27;32.0;1.33
2024-09-16;11.27;87.0;7.67;995.3;7.67;2.0;0;59.64;11.57;10.0;29.33;1.0
2024-09-17;15.13;84.33;7.0;993.07;6.0;0.0;0;74.66;14.43;13.5;22.67;1.67
2024-09-18;17.23;64.0;8.0;991.03;1.67;0.0;0;188.79;11.8;12.67;16.0;2.0
2024-09-19;18.13;63.67;8.0;989.1;4.0;0.0;0;209.32;12.6;13.53;18.67;1.67
2024-09-20;16.93;73.67;8.0;991.13;0.0;0.0;0;200.96;13.83;13.73;18.67;1.33
2024-09-21;17.0;78.33;7.67;991.13;1.67;0.0;0;209.64;14.87;14.33;14.67;0.67
2024-09-22;17.1;80.33;7.67;987.47;7.67;0.0;0;155.13;15.6;14.77;12.0;1.33
2024-09-23;16.87;83.0;8.0;983.7;8.0;6.6;0;47.14;15.87;15.03;18.67;2.33
2024-09-24;16.37;68.67;8.0;982.07;7.67;0.4;0;122.66;12.7;12.97;20.0;3.33
2024-09-25;17.9;61.33;9.0;981.1;7.67;1.5;0;110.92;12.57;13.43;17.33;2.0
2024-09-26;18.63;75.67;8.67;973.33;7.67;25.2;0;16.96;16.2;15.87;17.33;4.33
2024-09-27;14.83;74.33;8.33;979.07;5.67;6.6;0;69.68;12.6;12.23;18.67;3.33
2024-09-28;11.47;86.67;7.33;992.7;6.67;4.8;0;86.35;11.67;10.27;13.33;1.67
2024-09-29;9.97;82.67;9.0;995.97;5.33;0.2;0;157.2;10.13;8.3;24.0;1.33
2024-09-30;16.57;68.0;9.0;988.4;7.67;0.0;0;105.83;12.67;13.0;22.67;2.67
2024-10-01;15.02;75.5;7.75;984.95;8.0;30.9;0;69.77;12.8;12.45;23.0;2.5
2024-10-02;12.45;86.5;8.0;981.55;8.0;0.4;0;68.54;12.42;11.15;23.0;2.0
2024-10-03;9.43;91.75;8.25;984.7;6.0;0.8;0;66.77;10.9;8.72;25.0;1.75
2024-10-04;10.12;89.0;8.0;988.25;7.5;0.5;0;65.07;10.95;9.12;25.0;1.5
2024-10-05;9.72;90.0;6.0;988.88;6.0;0.0;0;116.39;10.75;8.8;32.0;1.5
2024-10-06;8.78;88.0;8.25;982.6;6.0;3.0;0;95.25;10.05;7.7;21.0;1.0
2024-10-07;15.75;94.25;7.5;978.65;8.0;18.7;0;31.27;16.88;15.12;17.0;1.75
2024-10-08;15.23;88.0;7.75;977.53;7.5;10.9;0;45.38;15.25;13.98;17.0;2.5
2024-10-09;12.92;88.75;8.5;969.3;5.75;1.3;0;77.55;13.28;11.75;23.0;1.0
2024-10-10;16.27;73.0;8.5;972.72;7.5;5.7;0;96.1;13.2;13.18;20.0;4.25
2024-10-11;11.65;82.0;8.75;987.2;5.25;0.5;0;104.74;11.18;10.0;15.0;2.0
2024-10-12;8.72;92.25;5.5;986.88;6.0;1.8;0;78.33;10.55;8.02;20.0;1.5
2024-10-13;13.95;81.25;8.75;989.15;7.5;0.6;0;27.53;13.05;12.12;15.0;2.25
2024-10-14;13.7;84.25;7.5;990.05;6.5;0.0;0;76.09;13.15;11.98;21.0;1.5
2024-10-15;12.72;96.0;6.25;990.62;7.0;3.1;0;36.39;14.15;12.35;30.0;1.5
2024-10-16;12.6;98.25;4.5;986.28;8.0;0.2;0;45.32;14.4;12.45;24.0;1.5
2024-10-17;15.82;91.5;7.0;985.7;8.0;0.0;0;112.81;16.38;14.82;21.0;1.5
2024-10-18;15.75;89.75;6.5;985.88;7.75;0.0;0;54.68;15.95;14.62;26.0;1.5
2024-10-19;13.3;88.0;8.5;989.92;5.75;0.0;0;57.07;13.35;12.08;19.0;1.25
2024-10-20;11.62;92.25;7.5;994.72;5.5;0.0;0;103.73;12.62;10.82;19.0;1.0
2024-10-21;13.02;85.0;8.25;997.28;6.0;0.0;0;124.59;12.28;11.2;24.0;1.0
2024-10-22;15.78;86.5;8.25;999.68;8.0;2.3;0;17.61;15.45;14.32;23.0;1.5
2024-10-23;11.85;88.75;8.0;1003.65;8.0;0.0;0;61.26;12.35;10.82;24.0;1.5
2024-10-24;12.55;88.25;7.75;997.85;6.0;1.5;0;103.99;12.7;11.3;27.0;1.25
2024-10-25;14.32;89.0;7.5;992.38;6.0;0.0;0;118.65;14.32;13.08;16.0;1.0
2024-10-26;10.48;95.5;4.25;990.08;7.75;0.0;0;25.61;12.15;10.07;23.0;1.25
2024-10-27;13.4;88.25;7.25;993.25;7.0;0.0;0;99.72;13.42;12.18;22.0;1.0
2024-10-28;12.9;86.75;8.0;998.1;0.0;0.0;0;122.69;12.62;11.32;18.0;1.0
2024-10-29;12.28;88.25;5.75;998.4;0.0;0.0;0;119.17;12.45;10.98;29.0;1.0
2024-10-30;10.2;99.5;2.75;998.88;8.0;0.3;0;29.78;12.4;10.15;28.0;1.25
2024-10-31;10.15;93.75;7.5;999.52;7.75;0.0;0;24.18;11.65;9.65;22.0;1.0
2024-11-01;9.82;90.75;7.5;997.3;5.0;0.1;0;102.77;11.0;9.0;19.0;1.5
2024-11-02;9.02;92.0;6.0;999.4;8.0;0.1;0;21.27;10.58;8.32;26.0;1.5
2024-11-03;9.05;81.0;7.75;1000.52;4.0;0.0;0;112.12;9.25;7.4;19.0;1.0
2024-11-04;5.7;95.5;7.5;999.08;6.25;0.0;0;24.3;8.75;5.35;18.0;1.0
2024-11-05;7.42;91.25;5.25;996.72;7.0;0.0;0;88.1;9.35;6.68;23.0;1.0
2024-11-06;8.2;95.75;6.5;1000.02;5.75;0.1;0;30.69;10.42;7.8;28.0;1.0
2024-11-07;6.82;100.0;3.25;1001.82;7.75;0.1;0;12.99;9.93;6.82;30.0;1.5
2024-11-08;8.48;92.5;6.25;998.15;8.0;0.0;0;32.89;10.22;7.88;23.0;1.0
2024-11-09;8.38;93.25;6.75;997.2;8.0;0.0;0;48.4;10.28;7.82;24.0;1.25
2024-11-10;7.22;96.0;5.5;998.82;8.0;0.0;0;15.26;9.8;6.9;24.0;1.75
2024-11-11;5.6;97.0;6.25;1000.88;8.0;8.5;0;15.58;8.88;5.4;28.0;1.5
2024-11-12;6.6;91.0;6.25;997.68;8.0;0.0;0;27.81;8.85;5.92;20.0;1.75
2024-11-13;4.65;83.25;7.75;1000.85;8.0;0.0;0;22.03;7.1;3.45;31.0;2.25
2024-11-14;4.05;84.0;7.25;1000.3;5.75;0.0;0;49.35;6.8;2.88;11.0;1.0
2024-11-15;6.35;87.75;7.5;998.42;6.25;0.0;0;64.42;8.43;5.43;24.0;1.0
2024-11-16;2.3;98.25;3.5;993.75;6.25;0.0;0;63.03;7.1;2.2;13.0;1.0
2024-11-17;6.18;85.0;7.0;989.1;7.75;0.1;0;49.26;8.05;5.03;18.0;2.5
2024-11-18;8.0;74.5;9.0;987.35;7.5;0.7;0;51.01;7.95;5.95;19.0;3.75
2024-11-19;10.9;73.25;8.75;977.48;8.0;16.0;0;10.83;9.55;8.48;20.0;4.25
2024-11-20;5.28;75.25;8.5;976.55;7.0;0.0;0;74.95;6.72;3.45;18.0;2.25
2024-11-21;2.28;72.5;8.25;974.45;7.75;7.8;0;27.16;5.12;0.42;20.0;2.75
2024-11-22;-0.45;87.0;6.0;980.2;5.75;0.1;10;27.95;5.1;-1.25;21.0;3.0
2024-11-23;4.38;68.5;8.5;993.72;6.0;0.0;2;61.63;5.7;2.15;16.0;2.75
2024-11-24;9.2;68.5;8.5;990.95;7.75;0.2;0;36.11;8.07;6.55;16.0;1.75
2024-11-25;11.7;66.0;8.25;984.82;7.5;8.4;0;48.67;8.62;7.98;19.0;1.75
2024-11-26;11.18;77.75;8.0;992.65;6.75;0.0;0;23.75;10.38;9.18;17.0;3.0
2024-11-27;9.25;74.75;8.0;993.6;6.0;5.2;0;69.5;8.4;6.82;26.0;2.0
2024-11-28;8.12;83.0;7.75;996.45;7.75;6.9;0;31.59;9.07;6.78;16.0;2.5
2024-11-29;-0.5;97.75;5.5;1002.5;4.0;0.0;0;43.85;5.78;-0.62;27.0;1.0
2024-11-30;-0.9;99.25;1.5;1001.68;8.0;0.4;0;28.42;5.68;-0.95;28.0;1.25
2024-12-01;-1.68;96.75;4.5;997.6;6.0;0.7;0;71.2;5.25;-1.82;21.0;1.0
2024-12-02;7.18;86.75;7.75;990.98;8.0;8.8;0;12.83;8.8;6.0;20.0;2.0
2024-12-03;7.82;81.5;8.25;991.8;7.75;3.4;0;50.8;8.68;6.38;23.0;2.5
2024-12-04;4.85;92.5;7.0;997.1;7.25;0.0;0;31.67;8.02;4.35;31.0;1.5
2024-12-05;1.33;87.5;7.5;996.82;5.5;8.0;0;44.62;5.9;0.47;13.0;1.5
2024-12-06;8.22;70.0;8.25;988.42;6.5;0.0;0;38.7;7.52;5.72;23.0;2.75
2024-12-07;8.18;73.5;8.25;981.68;8.0;6.1;0;9.29;8.05;6.05;17.0;3.25
2024-12-08;6.1;76.5;8.5;977.2;6.0;0.5;0;27.33;7.18;4.32;15.0;3.25
2024-12-09;4.5;86.75;7.75;986.72;7.75;0.5;0;14.81;7.3;3.6;30.0;2.25
2024-12-10;4.55;74.0;8.5;993.1;8.0;0.0;0;7.83;6.25;2.72;18.0;2.0
2024-12-11;4.65;72.75;8.25;997.8;8.0;0.0;0;19.35;6.2;2.75;12.0;1.5
2024-12-12;1.75;91.0;6.75;1000.5;6.0;0.0;0;31.79;6.32;1.2;22.0;1.25
2024-12-13;0.1;87.5;6.75;998.65;4.5;0.0;0;63.45;5.35;-0.68;26.0;1.25
2024-12-14;2.22;89.5;7.0;994.62;7.5;0.2;0;17.75;6.5;1.52;25.0;2.0
2024-12-15;4.38;81.25;8.25;1003.18;8.0;0.0;0;26.76;6.75;3.08;20.0;2.25
2024-12-16;7.42;74.0;8.75;1008.22;4.0;0.0;0;65.95;7.6;5.38;23.0;2.75
2024-12-17;2.82;96.5;4.75;1003.08;8.0;0.0;0;18.77;7.25;2.6;27.0;1.0
2024-12-18;10.48;59.75;8.25;995.0;8.0;0.0;0;28.38;7.02;6.35;21.0;3.0
2024-12-19;12.35;67.25;8.75;982.0;7.5;7.2;0;17.72;9.68;9.15;20.0;3.75
2024-12-20;4.08;80.25;8.5;993.68;7.5;0.0;0;38.92;6.55;2.7;19.0;2.25
2024-12-21;6.2;69.0;9.0;994.58;7.75;5.6;0;26.59;6.6;3.9;20.0;3.0
2024-12-22;6.32;81.0;8.75;980.7;7.25;6.9;0;12.37;7.8;4.88;20.0;3.5
2024-12-23;2.62;89.75;8.0;986.42;7.0;9.5;0;10.81;6.65;2.0;18.0;2.25
2024-12-24;3.6;90.25;7.75;999.62;7.75;0.0;0;22.12;7.15;2.95;28.0;1.0
2024-12-25;2.1;92.0;7.5;1006.08;5.75;0.0;0;50.86;6.52;1.55;25.0;1.25
2024-12-26;-1.08;97.5;3.75;1005.85;6.0;0.0;0;20.56;5.52;-1.23;25.0;1.0
2024-12-27;-1.45;97.25;1.75;1004.68;8.0;0.0;0;53.36;5.38;-1.6;22.0;0.75
2024-12-28;-2.6;92.0;5.0;1002.32;4.0;0.0;0;65.91;4.7;-2.92;21.0;1.0
2024-12-29;-2.2;98.75;2.75;1002.2;8.0;0.0;0;22.61;5.15;-2.28;22.0;1.0
2024-12-30;-1.32;95.5;5.5;1003.85;7.5;0.0;0;15.29;5.28;-1.58;23.0;1.5
2024-12-31;-1.45;92.5;6.0;1002.1;6.75;0.0;0;71.34;5.08;-1.85;13.0;1.0
2025-01-01;4.6;61.75;7.5;997.02;5.5;0.0;0;57.46;4.9;1.5;17.0;2.5
2025-01-02;6.78;65.75;7.5;988.15;8.0;16.8;0;5.17;6.2;3.85;16.0;3.0
2025-01-03;0.9;87.75;7.25;994.02;6.0;0.0;1;35.65;5.75;0.2;23.0;1.5
2025-01-04;-2.53;82.5;8.25;992.35;6.0;18.6;0;69.3;4.18;-3.38;26.0;1.25
2025-01-05;8.98;80.5;8.25;978.0;7.75;0.1;0;12.31;9.38;7.2;19.0;3.0
2025-01-06;11.28;63.75;8.5;970.6;6.0;4.3;0;32.13;8.3;7.7;17.0;3.75
2025-01-07;6.98;70.0;8.5;978.95;7.25;1.8;0;32.73;7.0;4.62;21.0;3.75
2025-01-08;5.48;88.75;7.0;977.35;7.75;8.4;0;8.73;8.0;4.62;22.0;1.5
2025-01-09;9.95;70.75;8.0;976.52;7.25;4.0;0;23.59;8.62;7.22;23.0;4.5
2025-01-10;2.05;76.5;8.75;991.75;6.0;0.0;0;58.43;5.43;0.55;17.0;2.0
2025-01-11;-2.12;85.5;8.0;996.0;3.75;0.0;0;64.16;4.47;-2.85;16.0;0.75
2025-01-12;-1.3;84.5;7.0;1006.65;4.25;0.0;0;28.07;4.68;-2.17;31.0;1.5
2025-01-13;-3.8;82.0;8.0;1009.82;0.75;0.0;0;83.13;3.78;-4.58;26.0;1.5
2025-01-14;-3.48;81.25;7.5;1006.6;3.5;0.0;0;80.21;3.8;-4.35;24.0;1.0
2025-01-15;-1.08;88.25;6.75;1003.8;7.25;0.0;0;41.76;5.05;-1.65;25.0;1.25
2025-01-16;-0.13;93.0;4.25;1004.78;5.5;0.0;0;74.31;5.65;-0.52;26.0;1.25
2025-01-17;-0.62;92.0;6.75;1006.5;7.5;0.0;0;51.6;5.35;-1.08;32.0;1.25
2025-01-18;-0.42;87.5;6.25;1001.38;5.5;0.0;0;83.68;5.1;-1.18;20.0;1.0
2025-01-19;-1.9;96.25;4.5;994.12;6.0;0.0;0;15.96;5.12;-2.1;24.0;1.0
2025-01-20;-1.72;92.0;4.75;991.5;6.75;0.0;0;79.12;4.95;-2.2;27.0;1.25
2025-01-21;-2.08;98.75;2.25;989.95;8.0;0.0;0;42.58;5.18;-2.1;31.0;1.25
2025-01-22;-0.62;98.0;4.75;982.25;8.0;4.1;0;23.52;5.78;-0.75;25.0;1.0
2025-01-23;6.78;78.5;8.0;981.15;7.75;0.5;0;39.26;7.88;5.15;15.0;3.0
2025-01-24;9.4;54.25;9.0;985.4;8.0;0.0;0;74.1;6.1;5.15;19.0;2.25
2025-01-25;12.0;54.75;8.75;981.12;7.5;1.7;0;61.85;7.8;7.6;15.0;2.25
2025-01-26;8.28;63.0;8.0;982.68;5.5;1.5;0;75.66;6.95;5.25;17.0;4.0
2025-01-27;11.9;68.5;8.75;973.42;7.5;8.0;0;15.49;9.5;8.93;16.0;3.5
2025-01-28;9.2;65.0;8.5;972.48;7.75;1.6;0;50.15;7.55;6.2;17.0;3.5
2025-01-29;7.52;75.0;8.25;981.05;7.75;0.9;0;64.85;7.78;5.52;24.0;3.25
2025-01-30;5.82;80.25;8.25;987.1;8.0;2.0;0;35.37;7.35;4.25;21.0;2.0
2025-01-31;5.0;79.75;8.5;998.38;7.75;0.0;0;43.61;7.0;3.58;29.0;1.75
2025-02-01;1.42;80.25;7.75;999.32;4.0;0.0;0;68.8;5.4;0.15;19.0;1.75
2025-02-02;2.95;75.25;8.0;995.65;8.0;0.0;0;57.14;5.7;1.35;23.0;1.75
2025-02-03;1.8;83.25;7.0;998.8;8.0;0.0;0;19.01;5.82;0.8;24.0;1.5
2025-02-04;0.75;82.5;7.0;1001.38;4.75;0.0;0;80.9;5.32;-0.28;21.0;1.5
